eclipse,obj_id,ra,dec,simbad_n_match,simbad_otype,simbad_main_id,simbad_distance,simbad_distance_err_2,simbad_distance_err_1,simbad_parallax,simbad_parallax_err,simbad_match_offset,obstart,datetime_iso,datetime_decimal,gaia_match_offset,gaia_n_match,gaia_dr3_source_id,gaia_distance,gaia_distance_err_2,gaia_distance_err_1,gaia_parallax,gaia_parallax_err,gaia_parallax_over_err,pmra,pmdec,gaia_ra,gaia_dec,distance,distance_err_1,distance_err_2,cps_min_NUV,cps_min_err_NUV,mag_min_NUV,mag_min_err_NUV,cps_max_NUV,cps_max_err_NUV,mag_max_NUV,mag_max_err_NUV,cps_mean_NUV,cps_mean_err_NUV,mag_mean_NUV,mag_mean_err_NUV,tstart_NUV,tstop_NUV,expt_raw_NUV,cps_min_FUV,cps_min_err_FUV,mag_min_FUV,mag_min_err_FUV,cps_max_FUV,cps_max_err_FUV,mag_max_FUV,mag_max_err_FUV,cps_mean_FUV,cps_mean_err_FUV,mag_mean_FUV,mag_mean_err_FUV,tstart_FUV,tstop_FUV,expt_raw_FUV,ratio_min,ratio_min_err,ratio_max,ratio_max_err,ratio_at_nuv_max,ratio_at_nuv_max_err,expt_eff_NUV,counts_9,counts_12_5,counts_17_5,counts_25,counts_35,skybg_counts_NUV,skybg_counts_err_NUV,skybg_flux_NUV,skybg_flux_err_NUV,expt_eff_FUV,skybg_counts_FUV,skybg_counts_err_FUV,skybg_flux_FUV,skybg_flux_err_FUV,morphology,qa_flag_nuv,qa_flag_fuv
32725,--,217.21539584959035,49.90229883777399,2,"X, blue",GALEX 2685880428793954899,--,--,--,--,--,2.029390724688142,929196131,2009-06-16T10:02:11,2009.4559402585933,2.0285089465336514,2,1.6036626542816404e+18,-4836.173744356305,-23191.848193800906,-2699.5546348463517,-0.20677503598107394,0.26125410199165344,-0.7914709448814392,0.10675444911536307,0.11080818873342728,217.21465894086242,49.902602522165864,-4836.173744356305,-2699.5546348463517,-23191.848193800906,0.781648622063872,0.5319669607480606,20.347471083441796,0.563641812541249,3.105477659415407,0.33513962459499996,18.84967897672673,0.11126989346772831,2.2931192172543935,0.04133469650544091,19.178933415235957,0.019396676765772725,929196123.0,929197743.0,1620.0,--,--,--,--,--,--,--,--,--,--,--,--,--,--,--,--,--,--,--,--,--,1342.1378600781266,2202.425090165844,2507.3631248746165,3077.6821191498398,4409.2818551164,6908.150994930193,1275.4644567799567,25.51506058157488,2.627456780966711e-13,1.405877188515978e-14,--,--,--,--,--,E,0,0
31289,1156931289.0,187.86349324239163,0.6922340172880512,1,WhiteDwarf,SDSS J123127.15+004133.1,1155.4015020219526,529.5017815449825,-6346.475458899704,0.8655,0.732200026512146,1.7336489526536334,920701301,2009-03-10T02:21:41,2009.186570966356,1.792388230440618,1,3.6969884869620977e+18,1155.4320734121088,529.5059381263259,-6345.228095328746,0.8654770998756318,0.7321555018424988,1.1820945739746094,-4.846582192099287,-0.5351362623803991,187.86308138967212,0.6925138247147941,1155.4320734121088,-6345.228095328746,529.5059381263259,1.649440421659064,0.24874718875141888,19.536658416744004,0.1525062527511345,4.047130361759133,0.3904543100769916,18.562132015904687,0.09999864777263667,3.1226503382740627,0.04640544598651926,18.84369160895693,0.016016319100021548,920701293.0,920702973.0,1680.0,--,--,--,--,--,--,--,--,--,--,--,--,--,--,--,--,--,--,--,--,--,1450.0582704146593,3052.0254897072027,3589.239901826374,4528.02494862744,6545.000228313864,10351.102356832023,1942.697961431144,31.489449309472104,4.0019578005481564e-13,1.724802603085068e-14,--,--,--,--,--,E,0,0
9225,154809225.0,160.98728560574625,58.12504939282509,2,"CataclyV*, Star",V* IY UMa,182.04656751196956,2.2066250927519206,-2.2614480772375884,5.4931,0.0674000009894371,2.353931254964707,790160437,2005-01-19T04:00:37,2005.0497728943112,2.9288333243776807,2,8.551675409886153e+17,182.04816200505016,2.208216817139885,-2.263119413159444,5.493051887951823,0.06744802743196487,81.44125366210938,-61.04462126406103,-19.888285159403083,160.98593954008894,58.125445168237235,182.04816200505016,-2.263119413159444,2.208216817139885,3.873987680757538,0.3793798572005243,18.609604411667156,0.10143669211223738,12.540197520456987,0.6795176064165859,17.33423905721442,0.05729429868910785,10.2604711218626,0.08167944129436708,17.552081744033263,0.008608884109630566,790160430.0,790162140.0,1710.0,--,--,--,--,--,--,--,--,--,--,--,--,--,--,--,--,--,--,--,--,--,1537.9484741483311,14098.362206119755,14779.191728308278,15780.075905911604,17560.467590589138,20766.641333938493,1636.4845148345664,28.90136624994529,3.371158100559207e-13,2.2380632965774305e-14,--,--,--,--,--,E,0,0
25607,1401425607.0,169.31686075649233,17.961370970600345,2,"CataclyV*, Planet",NAME DP Leo b,305.0547573289406,26.433375109761755,-31.974664148064164,3.2781,0.3109999895095825,1.9035943226280907,887086952,2008-02-15T00:02:32,2008.1229556578564,2.3265574557244237,1,3.971777500966832e+18,317.5289001855741,23.61442776984171,-27.740518090156797,3.1493196348917145,0.2530306875705719,12.446393966674805,-28.90772515708945,-2.0777335068026055,169.31621489490803,17.961571447125664,317.5289001855741,-27.740518090156797,23.61442776984171,0.9394723885718782,0.18584173664070255,20.147789948613497,0.1959743742960356,7.709393619785778,0.5842728740605626,17.862449449793964,0.07931586845561611,4.675851670838804,0.0714292211328221,18.405348185369782,0.016460508516644268,887086949.0,887087939.0,990.0,0.06557268024288142,0.04691430533770334,21.778192661128664,0.5859483579695635,2.552072027148309,0.29273910570460454,17.802767681703568,0.11790127884542301,1.2795064664745366,0.035714106735202124,18.5523937872456,0.02989027139122058,887086949.0,887087939.0,990.0,0.2164956753627718,0.15757301851713784,2.648982914543689,0.363122126706374,2.648982914543689,0.363122126706374,916.450255603038,1194.434477583327,1235.3058977445842,1283.5281139862802,1377.1031115225937,1548.719468756798,1010.7713124902361,22.71375187157679,2.0821889037298864e-13,1.4001965964744092e-14,1003.1431240225187,87.59584900495845,6.686582180976134,1.2263418860694186e-13,4.0716252949867525e-14,E,0,0
9900,778109900.0,135.0967766877129,43.80345314756907,1,blue,US 2112,634.9609499015811,71.58066969463937,-92.41758035666953,1.5749,0.20010000467300415,2.1715181696061756,794154802,2005-03-06T09:33:22,2005.1764333775684,2.1643826080609267,1,1.0092426207851387e+18,634.9458702488181,71.57800058670045,-92.41377004905996,1.5749374031019796,0.20010170340538025,7.87068510055542,-0.03805084494318117,-0.9406727568694768,135.0960418270748,43.803736307021126,634.9458702488181,-92.41377004905996,71.57800058670045,0.9439258213342235,0.1866885780572483,20.142655333775526,0.19594161450112324,15.546791037723867,0.7568007640925,17.100898096725825,0.05160632980130231,10.339817429874115,0.08357943108936744,17.54371782377691,0.00874100735766703,794154795.0,794156415.0,1620.0,0.037006097783508315,0.03525196463372869,22.399316769864104,0.726532549576266,6.950135656747259,0.483344340431929,16.715016796293853,0.07299723908950995,4.760277231094721,0.055072697744372304,17.12591938478037,0.01248901615339193,794154795.0,794156415.0,1620.0,0.1570592431652928,0.15029856149353044,3.9146221534580063,0.3536374352007938,3.710561332091593,0.32689996499545654,1480.178355202333,7160.228696332688,7298.778208138717,7471.224562864307,7724.0406752533145,8081.471439193216,1687.735500342559,29.350440001809986,3.4767351307056714e-13,2.2351398075346426e-14,1629.0649102408693,182.43861909432457,9.649855534120439,2.554140667320544e-13,9.006900130058083e-14,E,0,0
33838,2634333838.0,11.441876767934406,41.8412581044871,5,"**, Cepheid, ClassicalCep, Cluster*, Star, Variable*",Gaia DR2 375297888752001664,--,--,--,--,--,1.3763820142874053,935780531,2009-08-31T15:02:11,2009.6647302129315,1.3553647911964006,4,3.7529788875200166e+17,296.11342204876297,12.565295009524164,-13.730583876673222,3.3770843384307088,0.149653822183609,22.565975189208984,53.94970032059266,-12.709857255659237,11.441566558100563,41.841555317534684,296.11342204876297,-13.730583876673222,12.565295009524164,5.44899146225419,0.4857062593520748,18.239209681422878,0.09270619007838476,15.53976720777664,0.8205885334876987,17.101388728499167,0.05587058545423673,9.587044376176491,0.08563667631216279,17.625788155942292,0.009655324841205015,935780523.0,935782203.0,1680.0,--,--,--,--,--,--,--,--,--,--,--,--,--,--,--,--,--,--,--,--,--,1307.2695066906285,6012.458747908323,8227.758964162806,12532.850772265409,21185.74383895527,36831.84083921411,7986.028677215448,63.84514184594407,1.6451219075063822e-12,3.3228179359721047e-14,--,--,--,--,--,E,0,0
11840,1236511840.0,255.5557571551041,32.498034580959285,1,CataclyV*,V* V1239 Her,302.4437454633438,7.197214690096189,-7.556874626107856,3.3064,0.08060000091791153,2.1126603531493067,805634147,2005-07-17T07:15:47,2005.5405551748795,1.6691198892830386,1,1.3135385454462907e+18,302.4449237973125,7.196684925314628,-7.5562891225816315,3.3063871181721773,0.0805932879447937,41.02558898925781,20.968636015754818,-18.372219578747476,255.55530323117085,32.49829610934214,302.4449237973125,-7.5562891225816315,7.196684925314628,0.9401294465879418,0.213889191688282,20.147030860499854,0.22256291815387996,5.389910289877169,0.44810813834573865,18.251046157968005,0.08670981182602233,3.7521761119698738,0.05304054867698383,18.644291964470604,0.015240438422733149,805634142.0,805635642.0,1500.0,--,--,--,--,--,--,--,--,--,--,--,--,--,--,--,--,--,--,--,--,--,1333.7277835424172,3837.5180014861003,4339.60163420183,5004.381529278385,6326.427189185197,8806.070742186885,1265.6513968446116,25.416718260614157,2.6072418774998996e-13,1.5383879273335396e-14,--,--,--,--,--,E,0,0
5421,1457905421.0,261.00105415513724,60.74728285356775,1,WhiteDwarf_Candidate,ZTF J172400.04+604451.8,689.2273761113792,167.27946748704142,-325.0742808796192,1.4509,0.4650000035762787,2.184820104490024,767649678,2004-05-03T16:01:18,2004.3378895654664,2.126677859742575,1,1.4389192536789192e+18,689.2136838203716,167.2806341106035,-325.08477877529003,1.4509288243624427,0.46502572298049927,3.1201043128967285,6.361291197140334,0.8495741239337309,261.0002640462601,60.74772996623039,689.2136838203716,-325.08477877529003,167.2806341106035,0.8506245116717595,0.17929362454027065,20.25565526693293,0.2076620315979909,3.225093046797624,0.34867834976159023,18.808644377666486,0.11146129902216018,2.0950779640019443,0.04217673045158244,19.276999527560655,0.021640226752641212,767649671.0,767650991.0,1320.0,0.06429928800931918,0.04668778923979839,21.799484590058643,0.592665626977567,0.9922466586962343,0.21940241075803008,18.82845088716747,0.2168930199355863,0.4936724147414021,0.019409760834668163,19.586402848653094,0.04187016757855844,767649671.0,767650991.0,1320.0,0.25878033863233774,0.19183742370250365,3.1804434468360814,0.8680658624672803,3.1804434468360814,0.8680658624672803,1177.7534056674979,468.20790426402533,530.2421339474371,646.9003005445243,877.0190163635474,1344.9012051138952,1546.4148952366318,28.094767059193856,3.1856146841874617e-13,1.4554810073075755e-14,1310.3837306432983,238.8148671746567,11.040610873213993,3.343408140445194e-13,4.1935926376670585e-14,E,0,0
38760,1358838760.0,322.4371971549707,0.6068900163588036,0,Low-Mass*,SDSS J212946.51+003628.3,23041.47465437788,20825.653720103677,25784.958837352133,0.0434,0.40790000557899475,24.08794024702342,964896620,2010-08-03T14:50:20,2010.587995338502,1.8433048219832961,2,2.6879952190940897e+18,801.9234708010233,18.601411487552355,-19.506349808004416,1.2470017855957283,0.029612332582473755,42.11089324951172,8.384569793840557,-2.081501147453748,322.4369091043568,0.6073133483515253,801.9234708010233,-19.506349808004416,18.601411487552355,1.075085892492417,0.20140176519206152,20.00139209252133,0.1864336424765085,4.057497711751337,0.5070589183023716,18.559354291061194,0.12785078983750253,1.6846332452161212,0.03635585488811594,19.51373658255379,0.023181881877089694,964896617.0,964898057.0,1440.0,--,--,--,--,--,--,--,--,--,--,--,--,--,--,--,--,--,--,--,--,--,1274.549316417361,919.6867698461796,1363.3657756279626,2147.1481511041684,3907.5483270324294,7198.384439902633,1679.6975992774996,29.28046532470452,3.4601770545116493e-13,1.4860450279640658e-14,--,--,--,--,--,E,0,0
13484,1834913484.0,19.60260643169402,34.75109810928595,0,GtowardsCl,DES J011826.25+344522.0,--,--,--,--,--,26.976591159087427,815361944,2005-11-06T20:25:44,2005.8489074389583,1.4022441064310973,1,3.202090190113294e+17,712.5450099674703,173.7728167938027,-339.23606857221523,1.4034201152368646,0.4526519179344177,3.10044002532959,4.23701309818025,-8.87105343827862,19.60213956218577,34.751165736267374,712.5450099674703,-339.23606857221523,173.7728167938027,1.1217714796849134,0.20686299551641027,19.955239014606853,0.18375280775086722,3.6970466526071784,0.3752016869427064,18.660362672700295,0.10494830992644921,2.3874948531807725,0.045921786591817566,19.13514388992347,0.02068507353597937,815361938.0,815363228.0,1290.0,0.0,0.0,inf,--,1.1183228861820087,0.19460966952794698,18.698581968222243,0.1741880114822898,0.5310052827209522,0.021090398174279844,19.507252895765504,0.04228876981624552,815361938.0,815363228.0,1290.0,0.4341181591970016,0.28480859895828786,3.107412062605094,0.6654258286866549,2.542515592211844,0.5630780180303663,1132.152401336802,498.33927615031746,555.5950790554805,663.5298513505642,879.1487404568525,1265.9205103273152,1528.6828914952548,27.933227988676308,3.149086756480225e-13,1.4788032536011084e-14,1246.5332712652757,197.41475753804872,10.038116481361383,2.763806605532682e-13,4.0021108777862403e-14,E,0,0
16311,466816311.0,219.2289721982032,34.066298107245885,1,"AGN, WhiteDwarf_Candidate",Gaia DR3 1287604467762536960,713.3176403452458,184.83227930983674,-383.6547156070949,1.4019,0.4902999997138977,2.104342179242113,832088238,2006-05-19T11:37:18,2006.379408897609,2.2449211626948373,1,1.287604467762537e+18,713.3186479895982,184.84380415220517,-383.7037905187484,1.4018980196555613,0.49033963680267334,2.859034538269043,-9.29262901097755,2.8119151803727798,219.2284032838561,34.06670646612009,713.3186479895982,-383.7037905187484,184.84380415220517,0.5076949860043062,0.13511595265565754,20.81599281416632,0.25620096043395435,2.4572274990581717,0.29707984013343103,19.103886582739808,0.12391758110032214,1.5839920410741832,0.031822962129921924,19.580617512242334,0.021596603080794807,832088230.0,832089940.0,1710.0,--,--,--,--,--,--,--,--,--,--,--,--,--,--,--,--,--,--,--,--,--,1565.0408679106135,1432.7171911066634,1791.0181002806073,2477.563454125805,3980.416333895304,6547.636858833286,1310.352142937095,25.86166222340466,2.6993254144504153e-13,1.3843393156975514e-14,--,--,--,--,--,E,0,0
10544,231110544.0,160.98732583565183,58.12518086186384,2,"CataclyV*, Star",V* IY UMa,182.04656751196956,2.2066250927519206,-2.2614480772375884,5.4931,0.0674000009894371,2.0889817500233856,797965765,2005-04-19T13:09:25,2005.297392376808,2.801895359120313,2,8.551675409886153e+17,182.04816200505016,2.208216817139885,-2.263119413159444,5.493051887951823,0.06744802743196487,81.44125366210938,-61.04462126406103,-19.888285159403083,160.98593954008894,58.125445168237235,182.04816200505016,-2.263119413159444,2.208216817139885,1.1109878305961622,0.2023679792236445,19.965726745388334,0.18168274436603582,10.199708918460177,0.6137663341853845,17.55853055513205,0.06344378180377674,6.4529983179564026,0.0795991809281482,18.055596120241,0.013310870951066534,797965745.0,797966885.0,1140.0,--,--,--,--,--,--,--,--,--,--,--,--,--,--,--,--,--,--,--,--,--,1018.4608849432315,5532.953785299568,5958.36193018322,6572.126377443063,7761.203141107287,9816.894449056375,1049.259105099014,23.142154931948067,2.1614737565039688e-13,1.5763303886568588e-14,--,--,--,--,--,E,0,0
16643,--,261.00116258115065,60.7472647829546,1,WhiteDwarf_Candidate,ZTF J172400.04+604451.8,689.2273761113792,167.27946748704142,-325.0742808796192,1.4509,0.4650000035762787,2.364523649249602,834053070,2006-06-11T05:24:30,2006.441713311612,2.3028311386565736,1,1.4389192536789192e+18,689.2136838203716,167.2806341106035,-325.08477877529003,1.4509288243624427,0.46502572298049927,3.1201043128967285,6.361291197140334,0.8495741239337309,261.0002640462601,60.74772996623039,689.2136838203716,-325.08477877529003,167.2806341106035,0.896140253135637,0.18380219723437377,20.199060036123466,0.20256156800595093,2.9789452345864627,0.3332113671319315,18.894843702129833,0.11512085820173112,2.2937328110047135,0.04285100750897093,19.17864293237337,0.02009634427094653,834053062.0,834054472.0,1410.0,--,--,--,--,--,--,--,--,--,--,--,--,--,--,--,--,--,--,--,--,--,1249.1677174047,1782.4217051906699,2174.8610338625317,2865.256979859025,4432.361497923184,7684.14259491866,1659.7632682581072,29.106199251019973,3.419112332611701e-13,1.5168359846444276e-14,--,--,--,--,--,E,0,0
41726,--,73.50147919746081,62.412222574698696,1,WhiteDwarf_Candidate,Gaia DR2 477829370972112000,234.80241376881355,9.04839528288548,-9.80401441251584,4.2589,0.17069999873638153,2.3644993186642433,982441273,2011-02-22T15:21:13,2011.144218480308,2.183588799544789,4,4.77829370972112e+17,234.80113166535796,9.047773606412477,-9.803289044002213,4.25892325521333,0.17068970203399658,24.951261520385742,22.2156318199341,6.513831127953407,73.50061206529827,62.41267715788476,234.80113166535796,-9.803289044002213,9.047773606412477,2.020369011419694,0.2810411682428338,19.316423253379618,0.14140832774383227,5.947630495622823,0.48206913885523756,18.14414005107156,0.08461676404478169,4.703582355705999,0.05754442167299769,18.398928118618425,0.013202483238899276,982441267.0,982442947.0,1680.0,--,--,--,--,--,--,--,--,--,--,--,--,--,--,--,--,--,--,--,--,--,1420.4380358030373,4451.3680795150085,5287.863953016388,6681.147282576851,9624.098868083553,20208.18976371546,5402.296394645454,52.51116184298614,1.1128730572969637e-12,2.5477369533101726e-14,--,--,--,--,--,E,0,0
17926,1124117926.0,261.0013982103933,60.74734131943951,1,WhiteDwarf_Candidate,ZTF J172400.04+604451.8,689.2273761113792,167.27946748704142,-325.0742808796192,1.4509,0.4650000035762787,2.513727582631478,841643628,2006-09-07T01:53:48,2006.6824083268327,2.4368710937966584,1,1.4389192536789192e+18,689.2136838203716,167.2806341106035,-325.08477877529003,1.4509288243624427,0.46502572298049927,3.1201043128967285,6.361291197140334,0.8495741239337309,261.0002640462601,60.74772996623039,689.2136838203716,-325.08477877529003,167.2806341106035,0.5972686906457129,0.14899967969703107,20.639575626895038,0.24181321434174308,3.2488605195210276,0.43960966071231666,18.800672333597106,0.13778802538725188,2.146093003722918,0.038447984595649694,19.250878653119425,0.019279147481594094,841643619.0,841645239.0,1620.0,0.07776003353199165,0.05132771696324224,21.593108902008858,0.5503214839582569,0.9952100668644172,0.23103040278550893,18.82521309901268,0.226652211665602,0.5540601694984704,0.01861632394338422,19.461107673638228,0.03588106630016341,841643619.0,841645239.0,1620.0,0.4261607435594091,0.289957230152238,3.5055197619989076,1.454702154204873,2.0818263882290715,0.5593856068555322,1451.7819076038493,662.6388182135381,740.6720053346,885.7802772049805,1178.1890554478414,1827.444991870813,1904.7413298663464,31.180309819702153,3.923767139524673e-13,1.6158547795568038e-14,1598.7077324233214,331.39105088255843,13.005672437618873,4.639474712355818e-13,4.9021548491581905e-14,E,0,0
34446,3459534446.0,11.442033016839844,41.84142857423543,5,"**, Cepheid, ClassicalCep, Cluster*, Star, Variable*",Gaia DR2 375297888752001664,--,--,--,--,--,1.3585744649358165,939377177,2009-10-12T06:06:17,2009.7787791094304,1.331640231261456,4,3.7529788875200166e+17,296.11342204876297,12.565295009524164,-13.730583876673222,3.3770843384307088,0.149653822183609,22.565975189208984,53.94970032059266,-12.709857255659237,11.441566558100563,41.841555317534684,296.11342204876297,-13.730583876673222,12.565295009524164,4.8516479068045975,0.465666680340141,18.365276810569053,0.09950769843342044,14.409185651785736,0.8460665575843699,17.183401407598875,0.06194988776327648,10.952206532747901,0.095764117103056,17.48124593757162,0.009452217124259477,939377169.0,939378819.0,1650.0,--,--,--,--,--,--,--,--,--,--,--,--,--,--,--,--,--,--,--,--,--,1194.2520814542959,7358.886401303546,9410.26485627632,13079.695448251518,20383.276000170943,33457.33678238093,6673.218524253015,58.36199067104785,1.374683015996121e-12,3.1277674725437116e-14,--,--,--,--,--,E,0,0
38967,--,11.442096463879013,41.84129467479608,5,"**, Cepheid, ClassicalCep, Cluster*, Star, Variable*",Gaia DR2 375297888752001664,--,--,--,--,--,1.7283992257659488,966121361,2010-08-17T19:02:41,2010.626831620846,1.7030061673433496,4,3.7529788875200166e+17,296.11342204876297,12.565295009524164,-13.730583876673222,3.3770843384307088,0.149653822183609,22.565975189208984,53.94970032059266,-12.709857255659237,11.441566558100563,41.841555317534684,296.11342204876297,-13.730583876673222,12.565295009524164,6.170342184301322,0.5569988226135988,18.10422687734269,0.09383548358993465,14.753377424767146,0.80231311862474,17.157771368022516,0.05749460536913631,12.397657870028526,0.10158554037861539,17.34665088189225,0.008860195886445155,966121348.0,966122938.0,1590.0,--,--,--,--,--,--,--,--,--,--,--,--,--,--,--,--,--,--,--,--,--,1201.3674389615242,8516.559096309935,10716.321868045665,14894.142484437356,22899.810078433708,37905.45201925238,7659.1297406261965,62.524774863872594,1.5777807265689964e-12,3.335483355424467e-14,--,--,--,--,--,E,0,0
41960,--,209.1483926524562,38.86852439237789,1,QSO,SDSS J135635.50+385208.0,4775.549188156638,4004.8362528838697,5913.594083446023,0.2094,1.0880999565124512,1.7496885530297706,983825395,2011-03-10T15:49:55,2011.1881087010083,1.7420143896704892,1,1.4961062278291528e+18,-1345.2966083222964,-4631.668391756359,-786.9330845057964,-0.7433304996190306,1.0476174354553223,-0.7095438241958618,1.7758345388253307,1.017236962203529,209.1479737231444,38.86888183302245,-1345.2966083222964,-786.9330845057964,-4631.668391756359,0.302108080537298,0.1046654895686308,21.379594146053584,0.32297596384576366,1.5367298952791284,0.23722267227229812,19.613506149888103,0.15586115829186653,1.031413392442219,0.025928205617624267,20.046418084432055,0.026956380953365056,983825387.0,983827067.0,1680.0,--,--,--,--,--,--,--,--,--,--,--,--,--,--,--,--,--,--,--,--,--,1534.220714039392,501.30092102358367,861.793942155423,1582.4157914224932,3069.4448727300473,5888.941685551004,1439.1181648773636,27.102580996210566,2.964583419647369e-13,1.3543220648397236e-14,--,--,--,--,--,E,0,0
38424,--,269.3825212734785,-68.5443484672543,1,Star,Gaia DR3 5811947687666193280,2179.1239921551537,166.6466275766943,-196.7372506506117,0.4589,0.03799999877810478,0.5796284793332451,962909144,2010-07-11T14:45:44,2010.5249728879687,0.5481310054116973,3,5.811947687666193e+18,2179.2023928217086,166.79387394082664,-196.94122507987458,0.4588834902595552,0.03803350776433945,12.065242767333984,-1.6168244822122286,-5.158812058229631,269.38217712875615,-68.544262814164,2179.2023928217086,-196.94122507987458,166.79387394082664,130.19410040664258,2.302636226763499,14.793521737170916,0.01903469172926009,166.02576952801448,7.14186620339582,14.529561245333156,0.04572806418075359,146.6237807782725,0.3255356441421195,14.66448896538319,0.002407890798037826,962909132.0,962910842.0,1710.0,--,--,--,--,--,--,--,--,--,--,--,--,--,--,--,--,--,--,--,--,--,1383.5896917619552,186061.725286815,195737.82333162855,202867.15165198254,210877.5103142388,225578.49256796762,7503.6263586740815,61.886799512550034,1.5457470298868607e-12,7.074625962300008e-14,--,--,--,--,--,E,0,0
2609,--,337.70627232756766,-33.32813766499937,0,--,--,--,--,--,--,--,--,751006998,2003-10-24T01:03:18,2003.811079369451,1.7583463204234646,1,6.600514845823716e+18,266.38716810255954,10.35594230999476,-11.229009715129507,3.7539345724603304,0.151839017868042,24.72312355041504,15.190265516606889,6.521041747415249,337.7059080646548,-33.32775565608663,266.38716810255954,-11.229009715129507,10.35594230999476,1.0422297638276268,0.19771095899388985,20.035091321202927,0.18859363014305686,4.685488223807577,0.41976472949748495,18.403112873275425,0.09315603634693304,2.794961206522275,0.05774537279899091,18.96406053913104,0.0222032985094458,751006971.0,751007931.0,960.0,--,--,--,--,--,--,--,--,--,--,--,--,--,--,--,--,--,--,--,--,--,838.1879353609739,1501.777819271252,1803.8878396844211,2342.702763108922,3568.310872316187,6025.017180188513,1253.9438446431661,25.29889004225184,2.583124319964922e-13,1.335619208024845e-14,--,--,--,--,--,E,0,0
15733,989015733.0,189.763270946636,65.82587977821022,1,**,SDSS J123902.93+654934.5,229.39988988805283,2.6322360121003214,-2.6940617287981468,4.3592,0.050599999725818634,2.183446262582817,828668481,2006-04-09T21:41:21,2006.270969114504,1.6873586925477746,1,1.6804668099525084e+18,229.397582276314,2.6310127059562944,-2.6927809318972606,4.359243851120802,0.05057723447680473,86.1898422241211,26.47725131466097,-17.10768608845732,189.76245608254885,65.82620892604808,229.397582276314,-2.6927809318972606,2.6310127059562944,0.5930868017453426,0.14762092154552736,20.64720435107391,0.24132153363282782,27.1578234229164,1.0026095917434479,16.495262599352884,0.039360920701323465,13.592801056543555,0.09844195078158963,17.246727598409393,0.007834795573497644,828668473.0,828670003.0,1530.0,--,--,--,--,--,--,--,--,--,--,--,--,--,--,--,--,--,--,--,--,--,1402.6474869560643,16719.611380410875,17838.59289278847,19065.90824265455,20994.895961920647,24502.66285822143,1790.422686653524,30.23014355979921,3.688270734506259e-13,2.4187696866980772e-14,--,--,--,--,--,E,0,0
36578,293736578.0,166.93104644185706,7.939772251965111,1,"GtowardsCl, Low-Mass*, X",2MASS J11074330+0756251,71.21594097622811,0.16596442353278462,-0.16674158580256915,14.0418,0.03280000016093254,2.622659612797091,951989261,2010-03-07T04:27:41,2010.1785915143007,3.339238783633555,2,3.8184508836467425e+18,71.2159997164497,0.16605787894677349,-0.1668359181178971,14.041788418073933,0.03281845897436142,427.8625183105469,-71.8173922085917,-28.172944348911543,166.93019027679344,7.940148214300093,71.2159997164497,-0.1668359181178971,0.16605787894677349,1.3137774484632645,0.22133687514991757,19.783695493124565,0.16904730302489313,17.644795243055512,1.2360548294070324,16.963458442484608,0.07351230158845823,2.954871123662005,0.045629279189515766,18.903653640174234,0.016637863702044342,951989253.0,951990873.0,1620.0,--,--,--,--,--,--,--,--,--,--,--,--,--,--,--,--,--,--,--,--,--,1419.2252441345463,2734.605191583865,3201.937877003332,4193.627691865329,6174.982123276567,9764.310712097264,1832.0531338772305,30.57957576144307,3.7740294557870945e-13,1.6751355745057387e-14,--,--,--,--,--,E,0,0
15133,99999915133.0,204.17073,51.9146,1,CataclyV*,V* UX UMa,291.9537545252832,1.332114787901162,-1.344382980525495,3.4252,0.015699999406933784,3.143657464587759,825118529,2006-02-27T18:35:29,2006.1582867197808,2.9911081140080142,1,1.5599876859011223e+18,291.9525977608784,1.3342975880469226,-1.3466062538394112,3.425213571208031,0.015725968405604362,217.8061981201172,-41.61351598205117,17.179658892700928,204.17033819409235,51.91380506364584,291.9525977608784,-1.3466062538394112,1.3342975880469226,101.04007763894839,1.987655995966036,15.068765821854448,0.021151188067531024,472.4081877626675,5.114328148953812,13.394206459540198,0.011691094657058088,269.7509425891814,0.4305206310406284,14.002592572724167,0.0017314461219530841,825118521.0,825120201.0,1680.0,19.98845857375374,0.8804042673203838,15.568051738907345,0.046798700657976866,164.4622485078565,2.3537556175336403,13.279834441037348,0.015428726005113802,86.36438049119305,0.23354087251071262,13.97916334477846,0.002932013877611439,825118521.0,825120201.0,1680.0,1.3358761449701775,0.06480876650117816,2.6456051791902584,0.047584404421741326,2.5372938394766322,0.043100284006533346,1455.3754158416089,122701.00276660871,133798.8705021272,136755.0987230119,139365.4439100461,141748.13719460653,7003.338319202633,59.78813093270557,1.4426876937557425e-12,9.497518041632783e-14,1583.4664469915047,1216.166363994387,24.914886747126403,1.7026329095921417e-12,3.7202531641868167e-13,E,0,0
9795,760509795.0,160.9871866532598,58.12512056496063,2,"CataclyV*, Star",V* IY UMa,182.04656751196956,2.2066250927519206,-2.2614480772375884,5.4931,0.0674000009894371,2.0380652834626742,793533435,2005-02-27T04:57:15,2005.156729959253,2.6431507036474557,2,8.551675409886153e+17,182.04816200505016,2.208216817139885,-2.263119413159444,5.493051887951823,0.06744802743196487,81.44125366210938,-61.04462126406103,-19.888285159403083,160.98593954008894,58.125445168237235,182.04816200505016,-2.263119413159444,2.208216817139885,0.848129928007318,0.18210741596827393,20.258844028868015,0.21118724913736742,13.688076405497963,0.708892512365475,17.239143948177627,0.054821615775232146,6.60311403124026,0.06649083700042827,18.030628006737665,0.010878270454899308,793533428.0,793535078.0,1650.0,0.04732799032070694,0.042808026372784386,22.132204841257533,0.6994507456121113,3.4661180363439614,0.3411447380464865,17.47039162940149,0.10192376071333342,1.8044673482267148,0.03329553368231222,18.179127430191926,0.019851119305673848,793533428.0,793535078.0,1650.0,0.36993345734391403,0.34436613485756823,3.0991161113884944,0.446035120144713,1.9171473196830588,0.21583329039779475,1493.5686780569458,2721.1338188786212,2821.2338164283974,2937.1497869757313,3127.831419547957,3429.681369387161,1395.6005349059837,26.689656667423233,2.8749371019063264e-13,1.8758300209332935e-14,1627.7101327780329,154.069245230427,8.867892116301583,2.1569694332259777e-13,5.994197862399438e-14,E,0,0
16190,574016190.0,219.2290214964169,34.066239535520005,1,"AGN, WhiteDwarf_Candidate",Gaia DR3 1287604467762536960,713.3176403452458,184.83227930983674,-383.6547156070949,1.4019,0.4902999997138977,2.35595872974542,831372422,2006-05-11T04:47:02,2006.3567105211505,2.4949093595766096,1,1.287604467762537e+18,713.3186479895982,184.84380415220517,-383.7037905187484,1.4018980196555613,0.49033963680267334,2.859034538269043,-9.29262901097755,2.8119151803727798,219.2284032838561,34.06670646612009,713.3186479895982,-383.7037905187484,184.84380415220517,0.6342788709927465,0.15100073930492228,20.574299388793484,0.23186019176413097,2.3965360008006016,0.2934158861910581,19.131040106612037,0.12540138710049575,1.5548081291256381,0.03397278425763208,19.600807993447088,0.0234680280503774,831372414.0,831373854.0,1440.0,--,--,--,--,--,--,--,--,--,--,--,--,--,--,--,--,--,--,--,--,--,1347.145548269277,1175.675812624338,1509.1573668258882,2094.552849564487,3400.550928365261,5624.103885016506,1134.9384882907395,24.068475648970068,2.3379732858789237e-13,1.2845559453233122e-14,--,--,--,--,--,E,0,0
10463,823610463.0,160.98713326220957,58.12509163764446,2,"CataclyV*, Star",V* IY UMa,182.04656751196956,2.2066250927519206,-2.2614480772375884,5.4931,0.0674000009894371,2.049683167506938,797486031,2005-04-13T23:53:51,2005.28218011146,2.6018301923866796,2,8.551675409886153e+17,182.04816200505016,2.208216817139885,-2.263119413159444,5.493051887951823,0.06744802743196487,81.44125366210938,-61.04462126406103,-19.888285159403083,160.98593954008894,58.125445168237235,182.04816200505016,-2.263119413159444,2.208216817139885,0.9347286550981906,0.18513824559799563,20.15328610837074,0.19620212993870467,14.119506414571735,0.7227908585022231,17.205451212384506,0.05420402670371871,8.657193668600426,0.07631099544815693,17.736557167115958,0.00952855840271738,797486024.0,797487674.0,1650.0,--,--,--,--,--,--,--,--,--,--,--,--,--,--,--,--,--,--,--,--,--,1486.6300102481862,11246.528405735615,11914.028541737749,12870.04391227199,14474.022214828994,17402.947777517824,1494.9724226224237,27.623519701760102,3.0796431906021924e-13,2.0615614655626724e-14,--,--,--,--,--,E,0,0
41416,--,150.33298810920704,20.62931862389689,0,--,--,--,--,--,--,--,--,980607670,2011-02-01T10:01:10,2011.0860753105967,2.4778440166106135,1,6.278744657742487e+17,143.27272846982692,1.4314001459039503,-1.4605847826925356,6.979695373153998,0.0704360082745552,99.09272003173828,52.0016763154987,6.845200315253214,150.332559292341,20.62987780659473,143.27272846982692,-1.4605847826925356,1.4314001459039503,1.5024925685558272,0.23879647597903866,19.637969168434818,0.1601463375079497,5.72057831825488,0.46556358003282844,18.18640016065249,0.08494985482223072,3.894390679621369,0.058029440403080015,18.60390120709586,0.01605896066962842,980607663.0,980608983.0,1320.0,--,--,--,--,--,--,--,--,--,--,--,--,--,--,--,--,--,--,--,--,--,1156.4923173746538,3041.410139604037,3569.4508581260693,4503.832901837572,6501.358372331684,10213.152079456571,1894.5613713449943,31.096876048203637,3.9027964249706883e-13,1.71051345627324e-14,--,--,--,--,--,E,0,0
30860,396530860.0,164.03998466687307,58.9884702151809,0,--,--,--,--,--,--,--,--,918163338,2009-02-08T16:22:18,2009.1059785323123,2.1976922464628497,3,8.605751796921174e+17,81.6937138999261,0.978629116511172,-1.0026511260091553,12.240843906606928,0.14841397106647491,82.47770690917969,10.707827590687833,14.023083271644932,164.03902809553358,58.988830477955595,81.6937138999261,-1.0026511260091553,0.978629116511172,0.6864372267339532,0.1578150352934869,20.488497929861026,0.2246785121753092,4.092857741434096,0.38585804992202816,18.549933375489115,0.09781713555151939,1.243771611195559,0.028391763235469943,19.843148400205617,0.02450562042396598,918163331.0,918165011.0,1680.0,0.025046981858686857,0.0289891829781554,22.823111496955676,0.8348227915157977,0.5576174011453248,0.1367917140449332,19.454159204996262,0.23819773747253592,0.10638496124868113,0.008134683477273388,21.25279940069276,0.07999938079481339,918163331.0,918165011.0,1680.0,0.1656936940038077,0.19429389920827161,2.4985663272754355,0.975047801593111,0.9259136434069883,0.24333607565927473,1542.9644163833452,83.40102633635922,115.16124123931937,171.0327037511369,306.0639441878256,553.0007079368546,1390.8191503137164,26.64389751217514,2.865087449646255e-13,1.3569079294673259e-14,1667.3470636256784,126.04063983023356,8.020800661198464,1.76456895762327e-13,2.7887092295988798e-14,E,0,0
27128,1397227128.0,229.8165671067796,6.757761004307429,1,CataclyV*,LINEAR 13990545,2743.4842249657067,448.8536602355175,-667.1569750253166,0.3645,0.07129999995231628,2.0759989619561563,896085453,2008-05-29T04:37:33,2008.407630476972,2.082476442451911,2,1.1632016634489247e+18,2743.706272871762,448.66108126770723,-666.7053817113883,0.36447050104723033,0.07125076651573181,5.115320205688477,-8.785384491309015,-12.633405978583705,229.81606151221214,6.758048295785873,2743.706272871762,-666.7053817113883,448.66108126770723,14.458732004976511,0.7300667475933703,17.179674479807705,0.05348304946144822,24.954841390804866,1.1784426779349686,16.587112965247712,0.05009793840953236,16.933747823932535,0.1199273925163139,17.0081172799904,0.007662249194623882,896085445.0,896086735.0,1290.0,--,--,--,--,--,--,--,--,--,--,--,--,--,--,--,--,--,--,--,--,--,1177.3790544644526,18155.00494955554,18909.767710453107,19937.440001481173,21720.560295445295,24693.901546395035,1517.6429301722628,27.832180036942116,3.126344436154861e-13,2.4030026321253353e-14,--,--,--,--,--,E,0,0
15449,761715449.0,162.75048775255564,5.425297976081053,1,EclBin,CRTS J105059.9+052531,282.61361067148994,1.9118562885777237,-1.9380781459201444,3.5384,0.02410000003874302,2.4535384210396862,826988259,2006-03-21T09:57:39,2006.2175754691464,2.244155068787799,1,3.8641856195597005e+18,282.61725053444025,1.9142037376906273,-1.9404901264082355,3.5383544285034296,0.024129169061779976,146.64219665527344,9.632774209880026,-11.225414976747901,162.7498986666747,5.425509348328948,282.61725053444025,-1.9404901264082355,1.9142037376906273,0.7513782909186946,0.1676676744979608,20.39035339219415,0.2186964743253661,12.55259483420543,3.7761293523390727,17.33316622217212,0.2855468554177989,3.4507013335969687,0.049661177074971655,18.735231570754127,0.015514130366835133,826988251.0,826989841.0,1590.0,0.025412926388072653,0.029247866943655762,22.807363303822925,0.8315531304056947,4.633165792732424,2.168819726141952,17.15530539692329,0.41689465443326057,0.9380272500354391,0.025533063742007506,18.889461362559476,0.029158623507044013,826988251.0,826989841.0,1590.0,0.09906870390351226,0.11493907068322415,3.1300518935995725,0.4174667767520545,2.3338680043960394,0.29660932266358037,1399.179242728963,1182.1130972258495,1240.1887721326002,1349.6620953453948,1542.339534100154,2011.8864505712977,1923.72370500437,31.33529385686339,3.9628708323090027e-13,1.7302035511959228e-14,1557.6583270844167,239.66457194881295,11.06023471415533,3.3553040072833815e-13,4.899301243592854e-14,E,0,0
23892,147823892.0,47.25641841465306,-15.818106694368764,0,--,--,--,--,--,--,--,--,876940696,2007-10-20T14:38:16,2007.8016710107493,1.7515936146402213,1,5.154704407313281e+18,502.0287856430453,4.70830926950606,-4.798311821849154,1.9919176521304585,0.01885819062590599,105.6261215209961,12.819886244036187,-15.799099215852033,47.256014044158015,-15.817814515606207,502.0287856430453,-4.798311821849154,4.70830926950606,1.6107305178980855,0.24264998412041675,19.562442782067226,0.1523542566499394,9.04086471911442,0.6738902422132085,17.689475072932247,0.07805469971195578,2.4597247420132065,0.03995877914569186,19.102783725852635,0.017496293817981012,876940689.0,876942369.0,1680.0,0.03368310681721228,0.03365074512265021,22.501469643632912,0.7520532928421417,1.4509542689502473,0.2580974450099111,18.415865688505146,0.17775369894615878,0.16881680446614306,0.010029877231435376,20.751460811875585,0.0626630286401948,876940689.0,876942369.0,1680.0,0.08293926655471903,0.08241450911981767,1.321707481240907,0.2921529088313589,1.1000950634769067,0.18645963263905985,1540.5013669057764,165.04266986448394,201.63316602296976,283.2957871055038,447.8795896955071,764.54785094417,1589.743272385325,28.48563606357907,3.2748711411137696e-13,1.5718248963788954e-14,1678.1255160076198,161.6327583456717,9.082954020523092,2.262858616839404e-13,3.241060909115038e-14,E,0,0
5386,1603605386.0,261.0010168888076,60.74732557142952,1,WhiteDwarf_Candidate,ZTF J172400.04+604451.8,689.2273761113792,167.27946748704142,-325.0742808796192,1.4509,0.4650000035762787,2.02852605386923,767442463,2004-05-01T06:27:43,2004.3313367737744,1.9680946983134173,1,1.4389192536789192e+18,689.2136838203716,167.2806341106035,-325.08477877529003,1.4509288243624427,0.46502572298049927,3.1201043128967285,6.361291197140334,0.8495741239337309,261.0002640462601,60.74772996623039,689.2136838203716,-325.08477877529003,167.2806341106035,0.965289576784384,0.19154861853443442,20.118355958262082,0.19653750647490753,3.308736801387392,0.3556598142533999,18.78084444523975,0.1108506286505957,2.10477725408008,0.04277359756412151,19.271984645583252,0.0218432861860407,767442451.0,767443771.0,1320.0,0.032682379886060944,0.03328530169096986,22.5342158156496,0.7625438685066612,1.035863960736146,0.1875237395725951,18.78174319106428,0.1806534657525063,0.5266006855412756,0.02017975131381522,19.516296449636787,0.040828868738572055,767442451.0,767443771.0,1320.0,0.21915727299303425,0.17868665699007616,3.412339483408851,0.7754039740254687,2.366270761195212,0.5053840406898905,1150.4151269399551,495.7700258839297,564.5149412256702,680.9750817958044,927.460575061774,1427.6513402373841,1622.8139319103716,28.78039745635767,3.342996699735365e-13,1.4729585912872998e-14,1293.152668602876,255.30570305838435,11.41544068076438,3.574279842817381e-13,4.324753877271195e-14,E,0,0
28592,--,355.5096132250627,-3.4786551949925384,1,**,GALEX 2667197544394657586,817.7283506419167,177.48249076087154,-313.6213324612081,1.2229,0.33899998664855957,1.8228480482856453,904746294,2008-09-06T10:24:54,2008.681513578824,1.7810364254639175,1,2.639314200039994e+18,817.7169414133631,177.49209947895554,-313.65469394018635,1.222917062561495,0.33903419971466064,3.6070611476898193,-4.776503693372183,-5.4863978673472635,355.50936441320823,-3.4782273157530716,817.7169414133631,-313.65469394018635,177.49209947895554,0.7709751531246052,0.1690953990494285,20.362399045257682,0.21530016667730578,3.127936545722228,0.34144101864049625,18.8418551643839,0.11248407858728626,1.9359518200765808,0.035922742514066616,19.36276363788834,0.019961849356452177,904746285.0,904747965.0,1680.0,0.019262757093435074,0.025437733713128206,23.108203879637077,0.9139846087986818,0.7346778287278188,0.4974832196066344,19.154757665485203,0.5614263543579625,0.29233322783909244,0.013275437326341177,20.15530454519342,0.048218705130732786,904746285.0,904747965.0,1680.0,0.10893048451726518,0.14511746531224945,2.4831118878844447,0.6423777022902473,2.4831118878844447,0.6423777022902473,1500.2221526895967,349.9866967316483,394.34720839607525,484.9072644280446,678.3915487604612,1027.1901772479407,2234.1534689557493,33.769056345212896,4.602356146048843e-13,1.698376685175498e-14,1658.7483674450784,178.03263329048434,9.532618907835248,2.4924568660667807e-13,3.653243128372633e-14,E,0,0
3987,811303987.0,192.6003222980937,66.92330688600318,1,CataclyV*,V* OV Dra,492.7079227433978,23.15822160921175,-25.56105971298581,2.0296,0.10010000318288803,2.0499867940531353,759162804,2004-01-26T09:33:24,2004.069394005357,2.3062755244710553,2,1.679210927155358e+18,492.71829799945914,23.16811038540709,-25.57305165080419,2.0295572623550053,0.1001405343413353,20.26708984375,-24.616255744070973,-1.5101279480098682,192.59911089947514,66.92373695140036,492.71829799945914,-25.57305165080419,23.16811038540709,0.6859808014317056,0.1581976272840239,20.489220096844434,0.2253057229367883,4.043025797004693,0.3857868415381696,18.563233718975333,0.09895198845664055,2.7775519171586454,0.04297155135213813,18.97084453652598,0.016668830718096217,759162797.0,759164507.0,1710.0,0.11196056787596273,0.0613854488636439,21.197337268530685,0.47462193502767036,1.3978638545141737,0.21693428196650635,18.456337812020365,0.15663341089877747,0.6636704119001289,0.02013905720770606,19.265118859672736,0.032456635749621654,759162797.0,759164507.0,1710.0,0.41136061507961685,0.2328271983849259,3.1666295924045067,0.7402011404010483,2.7741533482481735,0.5172245017424962,1505.0771274504168,934.0897892108413,995.2757856828582,1085.9920377258684,1293.2402042330054,1675.9187388155906,1365.8914191638241,26.40404789418096,2.8137363234774775e-13,1.5116399584305342e-14,1636.3424046833832,195.32550202652786,9.984858119140883,2.7345570283713895e-13,4.4620865901060856e-14,E,0,0
44078,--,265.35267610762577,39.90439069983045,0,--,--,--,--,--,--,--,--,996353323,2011-08-02T16:48:43,2011.5854808471272,2.353978632028419,1,1.3439153716620037e+18,1565.7463394195343,175.85088446050872,-226.79387999294613,0.6386730563079125,0.08080551773309708,7.903829574584961,0.21216738883860375,-5.660636038353724,265.35493171149506,39.90308419942671,1565.7463394195343,-226.79387999294613,175.85088446050872,1.0240770029174084,0.1966368793651019,20.0541684661036,0.1907031748866892,2.875461920570457,0.33033347924003065,18.933230948356933,0.11807045178594677,2.0907751287871488,0.043123125451985364,19.279231686940243,0.022165957234083322,996353315.0,996354575.0,1260.0,--,--,--,--,--,--,--,--,--,--,--,--,--,--,--,--,--,--,--,--,--,1124.312050528372,1242.7011967155265,1660.504250666395,2350.6836722404014,3879.573561467035,6802.215827598364,1491.7653233378658,27.59387402643992,3.0730365660760037e-13,1.4304793108244863e-14,--,--,--,--,--,E,0,0
7254,--,332.09887863150817,-1.2598712218328794,1,WhiteDwarf,SDSS J220823.66-011534.1,841.0428931875525,143.40092042413949,-217.60626444078036,1.189,0.2443999946117401,1.825797714858734,778496955,2004-09-06T05:09:15,2004.6809146679248,1.707156139477191,1,2.6770566890101637e+18,841.011817752012,143.3878403080962,-217.58030583180005,1.1890439336190977,0.24439303576946259,4.865293979644775,-3.304591205826034,-12.476156275350762,332.0985538484383,-1.259525617870316,841.011817752012,-217.58030583180005,143.3878403080962,1.0099641169229394,0.19624587730328066,20.069235140046356,0.19279244644429028,7.907870508468063,0.5471364418728698,17.83485112720162,0.0726360495533136,6.196865476569213,0.06852744534391332,18.09956982886003,0.01194060915184636,778496943.0,778498443.0,1500.0,--,--,--,--,--,--,--,--,--,--,--,--,--,--,--,--,--,--,--,--,--,1319.602059321549,6509.735750785495,7146.698865118666,8177.3964442193455,10266.552751029289,14047.913605536845,1930.0696028215655,31.386935070293827,3.9759433818124246e-13,1.933295894073734e-14,--,--,--,--,--,E,0,0
14481,779314481.0,160.98696245972118,58.12532864790302,2,"CataclyV*, Star",V* IY UMa,182.04656751196956,2.2066250927519206,-2.2614480772375884,5.4931,0.0674000009894371,1.2170705960754975,821260587,2006-01-14T02:56:27,2006.035952181475,1.9893227671971812,2,8.551675409886153e+17,182.04816200505016,2.208216817139885,-2.263119413159444,5.493051887951823,0.06744802743196487,81.44125366210938,-61.04462126406103,-19.888285159403083,160.98593954008894,58.125445168237235,182.04816200505016,-2.263119413159444,2.208216817139885,0.9136989829733996,0.18265879753138198,20.177992146238925,0.19787290374221556,8.477080645837098,0.5555019451102403,17.75938421301759,0.06891406627583763,5.9945869088724555,0.06528601144081862,18.135601847667406,0.011760639689811114,821260579.0,821262109.0,1530.0,0.03432889564932616,0.03395027165144643,22.480850418694448,0.7465709587758234,2.6086010547719294,0.2958228761615157,17.778980836131353,0.11663085227931802,1.5811086466018205,0.0321506781497,18.322595715747507,0.021856175844611414,821260579.0,821262109.0,1530.0,0.14054758720603291,0.14055480917538118,2.4956493861150264,0.33469672013565777,2.4956493861150264,0.33469672013565777,1406.4328037047283,2285.1260705942386,2339.211335756028,2418.483627442376,2579.773502253162,2825.3802999322843,1214.6386345566214,24.89923298125752,2.5021555871866397e-13,1.746030945730448e-14,1529.6125491693906,125.36180298205203,7.9991720574958505,1.7550652417487284e-13,5.4377357236152776e-14,E,0,0
39025,2526939025.0,11.441989734653712,41.84122945575945,5,"**, Cepheid, ClassicalCep, Cluster*, Star, Variable*",Gaia DR2 375297888752001664,--,--,--,--,--,1.6549862136152667,966464346,2010-08-21T18:19:06,2010.637707603849,1.6322630121024049,4,3.7529788875200166e+17,296.11342204876297,12.565295009524164,-13.730583876673222,3.3770843384307088,0.149653822183609,22.565975189208984,53.94970032059266,-12.709857255659237,11.441566558100563,41.841555317534684,296.11342204876297,-13.730583876673222,12.565295009524164,4.853390665832921,0.4564507679038888,18.364886873614264,0.09759075377493076,15.173342112344567,0.8056295925153945,17.127296875144825,0.056168944430456946,10.757916849655441,0.09077598817974798,17.500679542000874,0.009123074670881692,966464337.0,966466017.0,1680.0,--,--,--,--,--,--,--,--,--,--,--,--,--,--,--,--,--,--,--,--,--,1305.5280658517524,7835.382917007892,9977.946615421006,14044.762377324643,22304.480179148777,37562.08816783449,7787.737410891666,63.04752945312465,1.604273906643683e-12,3.33296985203365e-14,--,--,--,--,--,E,0,0
36645,1129836645.0,150.7699541456704,0.9453628020185868,0,--,--,--,--,--,--,--,--,952385651,2010-03-11T18:34:11,2010.1911609587453,27.255578634989803,0,--,--,--,--,--,--,--,--,--,--,--,--,--,--,0.6454325062521324,0.15467527165590061,20.55537291445755,0.2332441450562044,6.908968831823288,0.622560364271379,17.981466916320983,0.0936748262781606,1.329905612593406,0.030381745754002768,19.77044795281625,0.02452460786309274,952385643.0,952387263.0,1620.0,--,--,--,--,--,--,--,--,--,--,--,--,--,--,--,--,--,--,--,--,--,1440.7723613442836,676.1413764754333,1094.5858871713397,1916.0912498212176,3628.4236003553606,6746.846644529513,1591.69509546389,28.50311746066315,3.278891896655614e-13,1.441240361075281e-14,--,--,--,--,--,E,0,0
21229,286621229.0,218.751423025106,-0.7686851210308413,1,CataclyV*,V* OU Vir,477.03095930925923,41.47191856221389,-50.200546991864655,2.0963,0.1995999962091446,2.0567698932777256,861185804,2007-04-21T06:16:44,2007.302086662703,1.8558977511423433,1,3.650020648757787e+18,477.0211910259847,41.46126207225802,-50.18514975362126,2.09634292734288,0.19955238699913025,10.505226135253906,7.747696109068928,-12.155915247610254,218.75095810129554,-0.7684622915257892,477.0211910259847,-50.18514975362126,41.46126207225802,2.0983824500746193,0.28001498170136424,19.27528838661472,0.1359994547156944,6.821879418578034,0.5049745658674362,17.99523990328791,0.0775337449095872,5.012357027,0.05769421506370211,18.32989500514163,0.012425876864046614,861185791.0,861187501.0,1710.0,0.10289234553071805,0.05888532703471537,21.289042331252812,0.4913387889871572,2.480264532724269,0.2890976753640531,17.83375499251543,0.11970439586145432,1.2555686874346597,0.027399786008178956,18.572898809213818,0.023438770536891695,861185791.0,861187501.0,1710.0,0.32342224685538223,0.1899143411987213,2.649593432153437,0.3695987573981358,2.649593432153437,0.3695987573981358,1505.8352515360612,1915.6283590433588,1975.8483526631298,2099.8419642705485,2333.0349209168867,2815.6864315916227,1990.3904419459088,31.873632594092946,4.100204310408572e-13,1.9040656458897506e-14,1672.4230106127313,246.3533752402299,11.21351276862878,3.448947253363219e-13,5.643348639875955e-14,E,0,0
9248,151409248.0,160.98732190353527,58.12508332201916,2,"CataclyV*, Star",V* IY UMa,182.04656751196956,2.2066250927519206,-2.2614480772375884,5.4931,0.0674000009894371,2.3137698500359214,790296523,2005-01-20T17:48:43,2005.0540881530635,2.933056901897454,2,8.551675409886153e+17,182.04816200505016,2.208216817139885,-2.263119413159444,5.493051887951823,0.06744802743196487,81.44125366210938,-61.04462126406103,-19.888285159403083,160.98593954008894,58.125445168237235,182.04816200505016,-2.263119413159444,2.208216817139885,1.3708313967578756,0.3088581734885946,19.73753989322407,0.220612457082904,10.511613491251854,0.6211328513336383,17.525826540908255,0.062332325577390435,8.061033088930072,0.07257863063268914,17.814023240378607,0.0097318311683523,790296511.0,790298191.0,1680.0,--,--,--,--,--,--,--,--,--,--,--,--,--,--,--,--,--,--,--,--,--,1530.2879692508943,10697.838230424866,11314.75277209725,12335.701955723065,14030.323217208357,17095.712397918844,1564.6257276543108,28.259707155068348,3.22312899896788e-13,2.0532322465725846e-14,--,--,--,--,--,E,0,0
14428,674014428.0,160.98702974978002,58.12532903189985,2,"CataclyV*, Star",V* IY UMa,182.04656751196956,2.2066250927519206,-2.2614480772375884,5.4931,0.0674000009894371,1.3203819876897276,820947039,2006-01-10T11:50:39,2006.0260096396185,2.1142648137390703,2,8.551675409886153e+17,182.04816200505016,2.208216817139885,-2.263119413159444,5.493051887951823,0.06744802743196487,81.44125366210938,-61.04462126406103,-19.888285159403083,160.98593954008894,58.125445168237235,182.04816200505016,-2.263119413159444,2.208216817139885,0.8266945165260787,0.17321717047938517,20.286637357607006,0.20654146875731172,12.669844834171169,0.6813447155418563,17.32307175957038,0.056871663870786904,7.5085970720006685,0.06942610547229806,17.891103000633805,0.009992823723266042,820947031.0,820948741.0,1710.0,0.03131020731440622,0.03240584335208725,22.580785141944254,0.7714072642983716,3.649403078874677,1.9230119880175018,17.414445414715797,0.4595540592514169,1.8639436065216248,0.03321204678759552,18.143918078328166,0.019175489102924104,820947031.0,820948741.0,1710.0,0.15493588804588287,0.16232339859848294,3.072814829850745,0.44131457420025344,2.0176009189102433,0.23155377370382701,1557.8053544217803,2962.5136964800686,3037.185813666264,3149.736732184662,3367.7692133333885,3668.0723609601946,1374.966513187351,26.49161800342473,2.832431017165943e-13,1.9721459012860404e-14,1689.8240489488326,153.27973160118228,8.845141585720196,2.145916242416552e-13,6.18081659408882e-14,E,0,0
43037,323643037.0,206.5116235968577,23.81506111493716,1,RGB*,2MASS J13460265+2348554,753.5795026375283,8.589560049721626,-8.78994164537869,1.327,0.015300000086426735,1.889323483340967,990195680,2011-05-23T10:21:20,2011.3902232684868,2.573171285071637,1,1.444039958503149e+18,753.5991486696101,8.61717989451779,-8.818861969640807,1.326965405634257,0.01534896157681942,86.45310974121094,-38.402434678120855,19.31207256732216,206.51096100391732,23.815439860489505,753.5991486696101,-8.818861969640807,8.61717989451779,4.82841772274401,0.4173105687169465,18.37048791166297,0.09000239179787783,9.633573645221873,0.5906845167366505,17.620531445610535,0.06461096277216072,7.373123951627557,0.06913232707726111,17.910871162476965,0.010132715333242004,990195680.0,990197360.0,1680.0,--,--,--,--,--,--,--,--,--,--,--,--,--,--,--,--,--,--,--,--,--,1542.7273645311745,9913.080388954239,10498.698003662746,11374.720082256055,13023.699558799975,15853.862691979113,1444.5624325601848,27.153797922560685,2.975798611073981e-13,1.9765642972063162e-14,--,--,--,--,--,E,0,0
9276,770209276.0,160.98696782296835,58.12516518585087,2,"CataclyV*, Star",V* IY UMa,182.04656751196956,2.2066250927519206,-2.2614480772375884,5.4931,0.0674000009894371,1.6476193618306014,790462188,2005-01-22T15:49:48,2005.059341355752,2.1993539511939515,2,8.551675409886153e+17,182.04816200505016,2.208216817139885,-2.263119413159444,5.493051887951823,0.06744802743196487,81.44125366210938,-61.04462126406103,-19.888285159403083,160.98593954008894,58.125445168237235,182.04816200505016,-2.263119413159444,2.208216817139885,1.1894365139612075,0.20927903824859076,19.891646833566845,0.1759703430523274,9.633667663395874,0.7934305912544194,17.62052084949729,0.08592951430079765,6.21150784789577,0.0639719170817953,18.097007404336487,0.011124738212227925,790462177.0,790463857.0,1680.0,--,--,--,--,--,--,--,--,--,--,--,--,--,--,--,--,--,--,--,--,--,1517.8131353771328,7957.310313341843,8539.171425314731,9427.908202034347,10977.374538459044,13776.513468169303,1428.7271620396118,27.00455805275075,2.9431779538015997e-13,1.8623902266753976e-14,--,--,--,--,--,E,0,0
38395,674338395.0,294.16442076477955,-52.76697192001097,1,WhiteDwarf_Candidate,Gaia DR3 6645284902019884928,645.4111268878275,55.12720228798776,-66.48465443386499,1.5494,0.14470000565052032,1.6374102727980269,962737618,2010-07-09T15:06:58,2010.5195338341896,1.5372489927615214,2,6.645284902019885e+18,645.4051760283562,55.131841631186035,-66.49152875219693,1.5494142860051443,0.14471611380577087,10.70657730102539,-2.637003772390747,-11.764797764353045,294.1638839184402,-52.76669473812659,645.4051760283562,-66.49152875219693,55.131841631186035,5.851730317555242,0.4760704589143834,18.16178924237861,0.08492123598496804,15.53122881136105,0.7740075492608001,17.101985455192228,0.052803201987646986,12.894277413158333,0.09408428677565642,17.304007476054515,0.007893411945389062,962737610.0,962739320.0,1710.0,--,--,--,--,--,--,--,--,--,--,--,--,--,--,--,--,--,--,--,--,--,1456.6754991091561,16407.565978363866,17408.961800027773,18782.777986464327,21363.19435614401,26106.604996037346,2421.115847445557,35.15363253587036,4.987498645737848e-13,2.539945294144469e-14,--,--,--,--,--,E,0,0
16326,823616326.0,201.5116813489751,27.583542076602622,3,"**, HighPM*",PM J13260+2735,--,--,--,--,--,2.1276415162178495,832177016,2006-05-20T12:16:56,2006.382224029522,3.222772809919477,2,1.449301838900763e+18,45.72962441032494,0.1460268653697483,-0.1469654650831842,21.867662656206242,0.07005296647548676,312.1589660644531,-2.473842486020242,72.84885101592386,201.51125246575316,27.584352575106845,45.72962441032494,-0.1469654650831842,0.1460268653697483,1.2257877332324894,0.21030759991369175,19.85896182264189,0.17191999985374906,5.633478692366421,0.540213800718542,18.203058359964004,0.09942084448360688,1.8549542893926068,0.03487011813646915,19.409166969986423,0.02022060425040806,832177009.0,832178659.0,1650.0,--,--,--,--,--,--,--,--,--,--,--,--,--,--,--,--,--,--,--,--,--,1525.549748190077,1910.2394969763302,2231.7099765666344,2829.8250490869937,4245.542192654952,6669.027759408606,1236.9874246971774,25.127256078261265,2.548194094876186e-13,1.382202015653884e-14,--,--,--,--,--,E,0,0
11753,1331011753.0,324.4823094388048,-63.71247567171528,3,"**, HighPM*",NAME BPM 14175B,22.76727068235787,0.03338445915572308,-0.03348265276612494,43.9227,0.06449999660253525,1.0956530254741565,805119430,2005-07-11T08:17:10,2005.524233605879,3.385407655866147,4,6.403170375701632e+18,22.690349475867375,0.00847857722308376,-0.008484918247905426,44.071599737305206,0.016474146395921707,2675.19775390625,-173.48002337995283,-100.81936047597313,324.4801999517142,-63.71236831525508,22.690349475867375,-0.008484918247905426,0.00847857722308376,2.124173254819938,0.2921322958659538,19.262025159014538,0.1399047878880353,4.122478990875855,0.39363612984300805,18.542103872361995,0.09901638245165145,3.3313167877344707,0.04987231490785902,18.77346016652833,0.016133818034195002,805119430.0,805120930.0,1500.0,--,--,--,--,--,--,--,--,--,--,--,--,--,--,--,--,--,--,--,--,--,1339.3586257914449,2919.4059621170745,3447.7312994600074,4461.82787489601,6168.2815203919145,9565.802207639796,1734.1511841161062,29.751296894296825,3.5723514392791787e-13,1.6502398242073287e-14,--,--,--,--,--,E,0,0
9903,786209903.0,160.98721143266778,58.12508835444294,2,"CataclyV*, Star",V* IY UMa,182.04656751196956,2.2066250927519206,-2.2614480772375884,5.4931,0.0674000009894371,2.1553210676967307,794172554,2005-03-06T14:29:14,2005.176996289796,2.7379345867898195,2,8.551675409886153e+17,182.04816200505016,2.208216817139885,-2.263119413159444,5.493051887951823,0.06744802743196487,81.44125366210938,-61.04462126406103,-19.888285159403083,160.98593954008894,58.125445168237235,182.04816200505016,-2.263119413159444,2.208216817139885,1.0469776058442928,0.1965077426863788,20.03015651873093,0.1867582000442347,9.300803962544302,0.6271867599024177,17.658698773398587,0.07085218002211136,6.65921205562366,0.0670129718312477,18.021442888087428,0.010871369704045009,794172547.0,794174197.0,1650.0,0.06777948441444143,0.047735227176247515,21.742254347702588,0.578847593030293,3.380637376366093,0.33690393291692744,17.49750352819445,0.1031430359366503,2.0566037420535603,0.035853416860340895,18.037123445796656,0.018764883263056475,794172547.0,794174197.0,1650.0,0.430475150906357,0.3135314552051656,2.9822873549460036,0.3640968659674018,2.6156957711943405,0.3106043958385473,1482.876861638529,3087.770481419264,3173.784062679837,3290.3351893234103,3485.0499350296127,3795.82484140185,1464.554890880674,27.341053848629855,3.0169830752141886e-13,1.8989251412481183e-14,1620.7012497419187,158.62469179416271,8.998037921491768,2.2207456851182782e-13,6.287538985945469e-14,E,0,0
25304,107225304.0,121.89665927343415,26.26942129983201,0,--,--,--,--,--,--,--,--,885294533,2008-01-25T06:08:53,2008.0662737172067,2.0668658023848083,1,6.819909549207412e+17,505.3221260018003,6.221679983581396,-6.3787543170104755,1.978935709608008,0.024668991565704346,80.21956634521484,7.071904619197927,-4.710389694029417,121.89621549942827,26.269835144104366,505.3221260018003,-6.3787543170104755,6.221679983581396,1.0637595795678925,0.20256891454471798,20.01289128974843,0.18925723774907155,4.784017996413353,0.4304356189908877,18.38051798824293,0.09354000972430754,2.2850322659994036,0.039669015377796595,19.18276915764336,0.018687045133795266,885294525.0,885296205.0,1680.0,0.0034247298002171166,0.010735403535638672,24.98343421802284,1.541102575057245,0.8674011973651258,0.17086538027500586,18.9744499567112,0.19522214187549025,0.21187605642909016,0.011271876841615803,20.504795297560655,0.056277469785193546,885294525.0,885296205.0,1680.0,0.014793704504203815,0.0464312324513342,1.341214009576138,0.5402892510799022,1.2722262016101438,0.27620530308503255,1452.0764931171689,178.9835785727248,230.65674739306414,353.32249783182397,602.2733285513499,1081.7806579286973,2914.965502005284,38.5726194985752,6.004828934130886e-13,1.9160137325737352e-14,1667.5904950594193,244.74853270302108,11.176928479409435,3.4264794578422957e-13,3.8958514008733285e-14,E,0,0
1929,443101929.0,338.8780749019883,14.481721895251148,1,**,SDSS J223530.61+142855.0,525.0721974271462,66.41971624383427,-88.91441378187494,1.9045,0.2757999897003174,1.9707308217225266,746982259,2003-09-07T11:04:19,2003.683455732972,2.019495682663545,1,2.7328874842874076e+18,525.0672367015173,66.4215435146337,-88.91797289845897,1.904517993318379,0.2758142650127411,6.905074596405029,-4.449991656409621,-2.1265207051077444,338.8775486188178,14.481956491743846,525.0672367015173,-88.91797289845897,66.4215435146337,0.8476182831730877,0.17821829127634747,20.259499210260742,0.20719465784352664,6.73437484376665,0.5025324781147471,18.0092567847463,0.07813931212004732,3.693710882398211,0.049617980654565685,18.661342752675967,0.014487709945861127,746982253.0,746983933.0,1680.0,0.12071037491301892,0.07942927046896492,21.115638503011887,0.5489713178707056,2.2500267197100845,0.27586160399393916,17.93953081121743,0.1255661745178358,1.7187116770602373,0.05341066486701781,18.231992430975897,0.033226683360556564,746982253.0,746982853.0,600.0,0.7902587382578584,0.5412336740985034,2.8412190752900615,0.4370977103652993,2.6279885487876435,0.3851829905758078,1500.3228651998422,922.59377557195,963.6634401510387,1035.4999609183328,1181.276322137044,1451.5431349740338,1979.3289913922486,31.78494149787171,4.077417722268032e-13,1.8020381377530675e-14,602.4861381575643,137.94868571888023,8.391144637990605,1.9312816000643234e-13,4.0783035982433986e-14,E,0,0
44383,--,337.7061588858788,-33.327991832721295,0,--,--,--,--,--,--,--,--,998157027,2011-08-23T13:50:27,2011.642675925768,1.1367081601071263,1,6.600514845823716e+18,266.38716810255954,10.35594230999476,-11.229009715129507,3.7539345724603304,0.151839017868042,24.72312355041504,15.190265516606889,6.521041747415249,337.7059080646548,-33.32775565608663,266.38716810255954,-11.229009715129507,10.35594230999476,0.7262947141654249,0.1639951217679935,20.42721779134903,0.2210463294641407,4.702383272649718,0.4175658802867214,18.399204940360118,0.09236906022704972,2.765847372110127,0.04289939012071925,18.975429473147425,0.016710935138988248,998157019.0,998158699.0,1680.0,--,--,--,--,--,--,--,--,--,--,--,--,--,--,--,--,--,--,--,--,--,1502.885777636775,2720.406526629225,3250.8561807128967,4156.752678658359,6364.849083239702,10710.267071849574,2217.973765019622,33.64655667219801,4.569025955940421e-13,1.779432485698717e-14,--,--,--,--,--,E,0,0
9904,805909904.0,160.9871827937989,58.12509764041703,2,"CataclyV*, Star",V* IY UMa,182.04656751196956,2.2066250927519206,-2.2614480772375884,5.4931,0.0674000009894371,2.0941291474261954,794178471,2005-03-06T16:07:51,2005.177183916635,2.674173847709339,2,8.551675409886153e+17,182.04816200505016,2.208216817139885,-2.263119413159444,5.493051887951823,0.06744802743196487,81.44125366210938,-61.04462126406103,-19.888285159403083,160.98593954008894,58.125445168237235,182.04816200505016,-2.263119413159444,2.208216817139885,0.8678011174512402,0.17829623321969962,20.233949487433947,0.20287974295875344,13.555337843210937,0.8071636165487592,17.249724134785676,0.06279934937736797,6.927899233689499,0.06849226535143993,17.978496094397556,0.010681352959313273,794178464.0,794180114.0,1650.0,0.07782123931449449,0.051116914519081104,21.592254643186877,0.548208262162813,5.454920717866501,1.3553999653186244,16.978028892727277,0.24094779866882376,1.9510264894946974,0.03478032544067695,18.094342085146103,0.019184577104930156,794178464.0,794180114.0,1650.0,0.3577823064918874,0.2374977551772932,2.6081918661459307,0.3673986788836174,2.0318633480301473,0.21463938467449153,1476.7891779733573,2977.3044648722116,3045.8255490416077,3146.7268735809016,3327.6124619941925,3669.670093802606,1464.6417533086658,27.341864632548955,3.0171620118158507e-13,1.9190206863764992e-14,1612.8570731993918,174.59191623554443,9.440054232465641,2.4442868272976225e-13,6.215749686615781e-14,E,0,0
16207,--,218.60224527818656,34.30503522695452,1,Star,BD+34  2539,191.90174630589138,0.5178493565875328,-0.5206593687347834,5.211,0.014100000262260437,1.8695028881524263,831473021,2006-05-12T08:43:41,2006.3599004945145,2.003047732829472,1,1.2878549502542659e+18,191.90050796849658,0.5185254968372135,-0.5213428899110966,5.211033626675785,0.014118642546236515,369.0888671875,-10.65186333560101,-4.732727767126703,218.6016058125858,34.30521003324586,191.90050796849658,-0.5213428899110966,0.5185254968372135,134.74017989909,2.206490521059822,14.756257192830734,0.01763588715829023,153.28107854485037,2.354794602467668,14.616278630977808,0.01655289722474862,144.7533075867681,0.3102455411382235,14.678428759842934,0.0023245365657231787,831473019.0,831474669.0,1650.0,--,--,--,--,--,--,--,--,--,--,--,--,--,--,--,--,--,--,--,--,--,1503.8945968970802,199108.13509140394,210539.6241392994,217693.71716272156,224771.1225490869,232889.5450630797,4143.7781581838335,45.98971009808968,8.536183005858697e-13,7.081206715257074e-14,--,--,--,--,--,E,0,0
42365,--,200.62128006304417,1.014262175023242,1,WhiteDwarf,2QZ J132228.9+010053,547.6151360823613,104.58837939998364,-169.23074764055445,1.8261,0.4311000108718872,2.949382808615939,986220898,2011-04-07T10:14:58,2011.264183758086,2.8401838645576145,1,3.6880658083677225e+18,547.6259352913239,104.5980945918788,-169.25412154037406,1.8260639892229062,0.4311304986476898,4.235524654388428,8.97046962644635,1.9312448908222457,200.62060387124006,1.0146687881487861,547.6259352913239,-169.25412154037406,104.5980945918788,0.6551056184138159,0.43052965446924496,20.5392216897286,0.5484315530932768,3.633591510760608,0.3683241085113367,18.67915974443715,0.10482956258961096,2.807475200141329,0.04329012185721115,18.95921017848491,0.01661384649023745,986220890.0,986222600.0,1710.0,--,--,--,--,--,--,--,--,--,--,--,--,--,--,--,--,--,--,--,--,--,1498.0914037655766,2627.379557275581,3131.5852681674173,4205.854463616765,6394.819094653473,10924.821766162962,2312.1888635829687,34.35374408203285,4.763109058980915e-13,1.8030354639548875e-14,--,--,--,--,--,E,0,0
26573,168226573.0,193.89696565459028,27.0608408980142,2,"Galaxy, HighPM*, Star",BD+27  2192,124.95938819883538,0.2555597925545925,-0.2566093982791102,8.0026,0.01640000008046627,10.447401857737153,892801854,2008-04-21T04:30:54,2008.303792722722,1.9705321959212103,2,3.9586549370640486e+18,124.99925516307577,0.25468625270669065,-0.2557283468260465,8.0000476698472,0.01633339375257492,489.7970275878906,48.32222845526448,-43.869710272591995,193.8963604947916,27.060936767732922,124.99925516307577,-0.2557283468260465,0.25468625270669065,9.699951589919491,0.5937393569000876,17.613076082964103,0.06450389557983627,49.55265727757893,2.7820965999882166,15.842332628423758,0.059308093642073345,12.80958682238506,0.1011898917803171,17.311162195867038,0.00854312154260839,892801847.0,892803227.0,1380.0,0.042173895749501436,0.03764540639417578,22.257390699599107,0.6926605157211512,5.400863424116211,0.8824692288991354,16.98884201231574,0.1643171443147331,0.412896504477477,0.017458296246207143,19.780396984461156,0.044963614462631085,892801847.0,892803227.0,1380.0,0.028030763356176935,0.022539254397017518,0.7109753489778714,0.06725827366153514,0.7109753489778714,0.06725827366153514,1251.010223265572,426.78011598025336,490.39763281230466,559.3436281172225,679.2449574448079,886.2250038366157,1280.033673930467,25.56072223292362,2.6368693682967625e-13,2.1728532361233938e-14,1354.6824011626713,105.64606534581851,7.343263070342879,1.4790449148414594e-13,3.2518810423241044e-14,E,0,0
30574,99999930574.0,127.88794,32.46371,1,Star,TYC 2483-189-1,1557.1473061351603,91.94584191898844,-104.25824422621486,0.6422,0.040300000458955765,3.114797431662823,916471575,2009-01-20T02:26:15,2009.0523330794963,3.2225465472855475,2,7.105698734666141e+17,1557.0514774340095,91.93805006242178,-104.24908503865936,0.6422395241857902,0.04030148684978485,15.935876846313477,-5.090374030936157,-5.268731648666778,127.88754269038735,32.46287998704637,1557.0514774340095,-104.24908503865936,91.93805006242178,125.9028025971748,6.955879578788653,14.82991150596662,0.058386356876512835,157.03725105182156,2.4463448410543958,14.589993289242775,0.01678333719941527,152.40313212253633,0.3225686279042364,14.622515268685987,0.0022955848846208937,916471567.0,916473277.0,1710.0,16.463962453800395,2.356992308491637,15.778664082481484,0.1452682095769422,24.048159568927602,0.8996711199006964,15.367295387585406,0.03987735759107025,22.536444708339307,0.11649405761101746,15.437786490171938,0.005597867748887708,916471567.0,916473277.0,1710.0,0.8827111098103378,0.03854326054702348,1.0790292913159034,0.044050073146994946,1.0759376867468442,0.043712536134671444,1464.703228299079,35531.09461705683,36720.30522508531,37425.12529053334,38254.94432571947,39209.4668385764,4785.758096366621,49.42398906422329,9.85866167851524e-13,7.207557640639398e-14,1660.6490409148105,487.20419927072425,15.769500416239111,6.820858789790139e-13,1.964170845872491e-13,E,0,0
28325,140028325.0,320.0468530783282,-0.5635051947490219,0,--,--,--,--,--,--,--,--,903166559,2008-08-19T03:35:59,2008.6315573768911,1.9486892887050198,1,2.686350624577006e+18,314.1564348104008,3.6882782022315723,-3.7769632631146237,3.1831275415495415,0.03781469911336899,84.17699432373047,15.877265484463543,4.459260928916668,320.046410659039,-0.5631932771673346,314.1564348104008,-3.7769632631146237,3.6882782022315723,1.1261608936105985,0.20730156024929672,19.950998894458763,0.1834508740116405,10.365314418920399,0.6306525001235721,17.541043798968456,0.06412736050510404,2.454364815582119,0.041990243200162126,19.105152208730548,0.018418097457807647,903166552.0,903168142.0,1590.0,0.020941866153464234,0.026577814252810222,23.017461551146248,0.8896453289821729,1.8421332287136125,0.2980388717597965,18.156697408742634,0.16281915435939354,0.2563143287674696,0.012749178413774489,20.29806778681503,0.05270478387646449,903166552.0,903168142.0,1590.0,0.0993434064700688,0.12711811123900774,1.4202793660326614,0.5052875953897852,1.247692070571887,0.22193355961087746,1392.0099400836639,228.95881959978556,292.73113530782933,404.18609912400876,643.9447046730822,1114.6519738768864,2190.215477353539,33.43534781085035,4.51184388334829e-13,1.7265616597343586e-14,1576.9157388414662,240.25683532277503,11.073892406436551,3.36359569451885e-13,3.924926564704111e-14,E,0,0
6501,1081706501.0,338.87780361674163,14.481643934973714,1,**,SDSS J223530.61+142855.0,525.0721974271462,66.41971624383427,-88.91441378187494,1.9045,0.2757999897003174,1.418835268408681,774041559,2004-07-16T15:32:39,2004.540020997616,1.4339090724138086,1,2.7328874842874076e+18,525.0672367015173,66.4215435146337,-88.91797289845897,1.904517993318379,0.2758142650127411,6.905074596405029,-4.449991656409621,-2.1265207051077444,338.8775486188178,14.481956491743846,525.0672367015173,-88.91797289845897,66.4215435146337,0.9210970747605408,0.18588708452023117,20.169236492338552,0.19959000798122162,6.316113453248745,0.4860015507437958,18.07887519393716,0.08048511972733863,2.8964693523842433,0.058433836716807776,18.925327656053877,0.021685797922835093,774041548.0,774042508.0,960.0,0.05229986135662564,0.04208713540249889,22.023748656040812,0.6410290754528951,2.2751769139149993,0.27749338100515214,17.927462069220702,0.12494888066958865,0.7808407009940853,0.028818431748543573,19.088593893334046,0.03934944075790625,774041548.0,774042508.0,960.0,0.21727155201118534,0.1779226500733516,3.262560962630903,1.053293057230795,2.878468555215812,0.42533797473378454,848.2817668067215,583.9110303478192,649.0671334170364,734.1489775204706,962.1768593925949,1296.424077599723,1099.3359143314099,23.687958395353334,2.2646319835227044e-13,1.2931120673974994e-14,940.2032662818783,170.6053509598883,9.331656581360193,2.3884749134384363e-13,3.972925151167733e-14,E,0,0
33309,--,320.63620650959524,-6.311423357946636,1,WhiteDwarf,SDSS J212232.58-061839.7,692.952671332548,123.50901569466828,-191.92476810093308,1.4431,0.31299999356269836,2.132211713774632,932651085,2009-07-26T09:44:45,2009.5654961312468,2.0494425028210106,1,6.899065684790537e+18,692.9707627971638,123.52457357776109,-191.95956189117703,1.4430623248281331,0.31302985548973083,4.609982967376709,11.281790670648896,4.509182053848438,320.6358078681013,-6.311014584197269,692.9707627971638,-191.95956189117703,123.52457357776109,1.0286792134586602,0.19748561674570808,20.049300089684916,0.1906722276949644,3.2966962545946945,0.3537004433725212,18.784802663253974,0.11065282054348202,2.2555993067700384,0.03903302015643029,19.19684511889647,0.018627888046911067,932651077.0,932652757.0,1680.0,--,--,--,--,--,--,--,--,--,--,--,--,--,--,--,--,--,--,--,--,--,1480.4632823799438,1707.1633368744676,2278.071978180339,3339.3319534346965,5743.238094282757,10036.38160068544,2191.2919980597026,33.44356376558834,4.514061516002987e-13,1.7363902590804162e-14,--,--,--,--,--,E,0,0
32756,1085132756.0,207.74292491549727,26.555268698212565,1,"Cepheid, X",ROTSE1 J135058.20+263320.8,81.15038789885415,0.4192870693751445,-0.4236650466194476,12.3228,0.06400000303983688,1.7755653097008075,929379623,2009-06-18T13:00:23,2009.461758751744,2.5400864123156226,2,1.450659804480564e+18,81.15045200265635,0.4194161692688567,-0.4237968535030916,12.322790265755591,0.06401970982551575,192.4843292236328,-58.1642688414872,-25.6840349545543,207.74214616321032,26.555380930404734,81.15045200265635,-0.4237968535030916,0.4194161692688567,2.1591978912196788,0.2795757889999152,19.244268881512443,0.132197629947143,6.655835442175467,0.4921033904605122,18.021993560031987,0.07744562863869575,3.179256790891766,0.04854984464537194,18.82418598096544,0.016454756100955592,929379611.0,929381081.0,1470.0,--,--,--,--,--,--,--,--,--,--,--,--,--,--,--,--,--,--,--,--,--,1348.807333380426,2556.375953300412,3090.0270944597014,4288.204874254332,5839.620958159009,8595.363918793686,1406.577136157283,26.79441011194213,2.897548900484003e-13,1.5435881250730867e-14,--,--,--,--,--,E,0,0
9194,1463009194.0,160.98731491376796,58.12505329768734,2,"CataclyV*, Star",V* IY UMa,182.04656751196956,2.2066250927519206,-2.2614480772375884,5.4931,0.0674000009894371,2.3815338399012553,789977024,2005-01-17T01:03:44,2005.043956906234,2.970934143095645,2,8.551675409886153e+17,182.04816200505016,2.208216817139885,-2.263119413159444,5.493051887951823,0.06744802743196487,81.44125366210938,-61.04462126406103,-19.888285159403083,160.98593954008894,58.125445168237235,182.04816200505016,-2.263119413159444,2.208216817139885,1.2721479230097485,0.21690334057366373,19.818655966978923,0.17093009065446552,9.29467046559874,0.5836227313126325,17.65941500787411,0.0661197885745537,6.317228465304246,0.08846985772352112,18.078683540933806,0.015099745107423956,789977017.0,789977917.0,900.0,--,--,--,--,--,--,--,--,--,--,--,--,--,--,--,--,--,--,--,--,--,807.1159428260968,4311.768237415595,4619.960975428745,5098.735808821893,5971.737667409652,7559.454143943592,810.3969515641982,20.338144229359425,1.6694177202222485e-13,1.3836361853966321e-14,--,--,--,--,--,E,0,0
14467,126314467.0,160.98720514596013,58.12513329912735,2,"CataclyV*, Star",V* IY UMa,182.04656751196956,2.2066250927519206,-2.2614480772375884,5.4931,0.0674000009894371,2.029501658662269,821177760,2006-01-13T03:56:00,2006.0333257545344,2.655019958601359,2,8.551675409886153e+17,182.04816200505016,2.208216817139885,-2.263119413159444,5.493051887951823,0.06744802743196487,81.44125366210938,-61.04462126406103,-19.888285159403083,160.98593954008894,58.125445168237235,182.04816200505016,-2.263119413159444,2.208216817139885,1.1984047507224085,0.20985084056544867,19.883491195021822,0.17519490556722062,8.386913561235074,0.5532361527717693,17.770994582414644,0.0693565615695988,5.926501606926062,0.062229098931473215,18.148003983767985,0.011340945477698483,821177752.0,821179432.0,1680.0,0.05066499176790857,0.041282921973561426,22.05823005894273,0.647084758270946,2.8126978949322994,0.30746136214715475,17.697192279620484,0.1126341835012532,1.5803453999198525,0.03098610225244149,18.323119958428045,0.021082202948452533,821177752.0,821179432.0,1680.0,0.2581780671677158,0.21468846279421264,2.7989879004941334,0.39362707519478896,2.6359079926084634,0.34349176347119187,1530.4226391642917,2449.9252272418353,2512.1160804661263,2601.1783693002785,2813.364840540647,3096.493481628569,1371.7966226116657,26.461063082537663,2.825901042580031e-13,1.8293914922759056e-14,1665.7669385801,144.5135772219602,8.588488713022148,2.0231900811074427e-13,5.70490153122832e-14,E,0,0
6617,727106617.0,338.8779751204472,14.481308505063469,1,**,SDSS J223530.61+142855.0,525.0721974271462,66.41971624383427,-88.91441378187494,1.9045,0.2757999897003174,2.7579162262029384,774727625,2004-07-24T14:07:05,2004.5617165678443,2.7661849655183284,1,2.7328874842874076e+18,525.0672367015173,66.4215435146337,-88.91797289845897,1.904517993318379,0.2758142650127411,6.905074596405029,-4.449991656409621,-2.1265207051077444,338.8775486188178,14.481956491743846,525.0672367015173,-88.91797289845897,66.4215435146337,0.9723100431144345,0.19083762426935036,20.110488070854675,0.19457520603968348,6.61708222234042,0.49721885642337565,18.02833367219905,0.07866427388729491,3.832587346197743,0.057631716592598844,18.621269846539853,0.016204990652532558,774727619.0,774728909.0,1290.0,0.09412652661662878,0.056446587964479496,21.385719917527872,0.510088502046468,2.2639837895629915,0.2767979516344547,17.932816717702952,0.12523511717978408,1.1137596240180607,0.02987969247807646,18.703021325479973,0.028744018715951114,774727619.0,774728909.0,1290.0,0.5183685136596218,0.25567373091119727,2.8432832661114413,0.437109895731812,2.3722285011242747,0.3413583599644222,1153.9020646692059,1172.2523102950834,1261.6620665350085,1389.4108718159744,1670.1712923950276,2186.0227999893596,1517.723416225096,27.832918047369006,3.1265102374236974e-13,1.5873516296425722e-14,1277.0081593358143,263.2992070012736,11.592769452273547,3.6861888980178304e-13,5.112472484893149e-14,E,0,0
41414,--,154.58073847757638,8.30264515508273,0,--,--,--,--,--,--,--,--,980595839,2011-02-01T06:43:59,2011.0857001520485,1.4832156759778201,1,3.875673621989527e+18,714.426353595908,271.3310371821679,-1128.5585360277905,1.3997244012160523,0.8571263551712036,1.6330432891845703,3.473625821565871,-7.043524847014322,154.58038970012095,8.302870185053319,714.426353595908,-1128.5585360277905,271.3310371821679,0.9872835507753823,0.19255147452224483,20.093895246867813,0.1934484587520835,3.0370523392803075,0.3387564158637659,18.873869308922842,0.11481389689173582,2.0513995206951456,0.04220247303811565,19.29987437572918,0.022109683753789966,980595826.0,980597146.0,1320.0,--,--,--,--,--,--,--,--,--,--,--,--,--,--,--,--,--,--,--,--,--,1151.7930338050774,1242.9649995025416,1611.1180081804982,2362.7876774877436,4057.543557939487,7708.896919238705,1863.7116114964758,30.842656636029147,3.83924591968274e-13,1.546764969656119e-14,--,--,--,--,--,E,0,0
9837,747509837.0,160.98702137732988,58.125143274998976,2,"CataclyV*, Star",V* IY UMa,182.04656751196956,2.2066250927519206,-2.2614480772375884,5.4931,0.0674000009894371,1.771899768444914,793781983,2005-03-02T01:59:43,2005.164611364631,2.3261096736938485,2,8.551675409886153e+17,182.04816200505016,2.208216817139885,-2.263119413159444,5.493051887951823,0.06744802743196487,81.44125366210938,-61.04462126406103,-19.888285159403083,160.98593954008894,58.125445168237235,182.04816200505016,-2.263119413159444,2.208216817139885,0.9370863837288083,0.1849233270412086,20.150550931405096,0.19554247057618213,13.33284127748413,0.6978785560058496,17.267693227432378,0.055393109153868636,8.476058708926054,0.07580258547331328,17.759515109588595,0.009666730301614024,793781976.0,793783596.0,1620.0,0.06645966540337352,0.04722557507042619,21.763604623857322,0.5828648357775457,3.6380660386879358,0.34938476872573326,17.417823554565715,0.09956190024568912,2.371486344097291,0.039535031922753525,17.88244842958622,0.017951081666723212,793781976.0,793783596.0,1620.0,0.48199145436060226,0.35546035064692955,2.9200626832610124,0.4239367919364668,2.363108453209451,0.2663900407147987,1475.115133605708,3394.9880262672214,3493.3900526862294,3598.1318095889837,3788.178684052015,4108.106062632432,1409.5052425401152,26.82228490540128,2.9035807996326375e-13,2.0222393912043428e-14,1606.6477334666145,163.29626615042145,9.12957479007708,2.2861477261059005e-13,6.528499667551903e-14,E,0,0
11993,1946611993.0,261.0012405441826,60.7472084028235,1,WhiteDwarf_Candidate,ZTF J172400.04+604451.8,689.2273761113792,167.27946748704142,-325.0742808796192,1.4509,0.4650000035762787,2.605154321068111,806539651,2005-07-27T18:47:31,2005.56926851836,2.544883303096061,1,1.4389192536789192e+18,689.2136838203716,167.2806341106035,-325.08477877529003,1.4509288243624427,0.46502572298049927,3.1201043128967285,6.361291197140334,0.8495741239337309,261.0002640462601,60.74772996623039,689.2136838203716,-325.08477877529003,167.2806341106035,0.8478243159965315,0.17895970361694613,20.259235329552553,0.20793308179178638,2.8447099318737683,0.3263769560774812,18.94490502739816,0.11792538210385217,1.9564126663103694,0.04491277514907693,19.351348835273363,0.02464312600151075,806539638.0,806540718.0,1080.0,--,--,--,--,--,--,--,--,--,--,--,--,--,--,--,--,--,--,--,--,--,969.8859860233683,1054.0203588817808,1311.5470695222364,1897.49722793304,3181.4016106680974,5709.052671537938,1290.155228985648,25.66158084494064,2.657719771710435e-13,1.3166627044308367e-14,--,--,--,--,--,E,0,0
38290,2687338290.0,292.6722487666108,40.8732053738341,2,Star,UCAC4 655-074104,770.6535141800246,13.020359792251497,-13.475709929531376,1.2976,0.022299999371170998,2.1992058469022004,962116668,2010-07-02T10:37:48,2010.499843638857,2.1703033081788576,6,2.0535538857713293e+18,770.6477473042236,13.018962700609336,-13.474216941996247,1.297609710140678,0.022297902032732964,58.19424819946289,-0.35316341459814726,-2.89650542232677,292.6716745116124,40.873623571753164,770.6477473042236,-13.474216941996247,13.018962700609336,16.82233105942948,0.9331162860900613,17.01528456116356,0.05861360804393456,47.57193862606933,1.460115575513881,15.886622875210538,0.03282309627847013,29.133765888855432,0.1553033615714011,16.419008434925807,0.0057723620961560584,962116660.0,962118280.0,1620.0,--,--,--,--,--,--,--,--,--,--,--,--,--,--,--,--,--,--,--,--,--,1207.9109369967382,15941.410121672896,20641.830935141625,35190.99445305095,44051.23283344881,54846.663485424244,5510.16772861246,53.03283364871813,1.1350945520941666e-12,3.705835227080296e-14,--,--,--,--,--,E,0,0
17080,1644617080.0,254.27520730718115,-4.350009095492477,1,Eruptive*,G  19-7,8.702023568560632,0.0019078570241504167,-0.0019086939594110675,114.9158,0.025200000032782555,5.982739587745401,836638135,2006-07-11T03:28:55,2006.5236851850264,3.796365723730941,3,4.3656091700431805e+18,8.702020274446115,0.0019046734963819034,-0.0019055076405862792,114.91584350091051,0.025157960131764412,4567.7724609375,481.6301896926741,-376.2195891539112,254.27604768745735,-4.350649323558728,8.702020274446115,-0.0019055076405862792,0.0019046734963819034,3.73268531700698,0.3858479372685337,18.649946554013603,0.10680299640873869,27.14863826440526,2.335713536207298,16.495629872746406,0.08960883390162167,5.213172263024118,0.061342774331160456,18.287244810239162,0.01270114728066929,836638127.0,836639807.0,1680.0,0.47957694533003875,0.12942171645293304,19.617854257201362,0.2593951029834294,6.2028685847576375,1.0416877710400383,16.838518549473193,0.1685480374044488,0.8774346288789183,0.023529048629977442,18.961963074262783,0.028731280968404604,836638127.0,836639807.0,1680.0,0.6575660297547768,0.18702565330472937,1.7815243430645409,0.3673051127721401,1.4151913614716205,0.25067772589423915,1385.40020738529,727.5240755658559,955.6825367033905,1390.6594967635742,2361.7700190127266,4155.332677041562,2927.1291919358146,38.653014436788396,6.029886135387777e-13,2.135882036001475e-14,1584.9152187444374,915.464273368885,21.616387831119436,1.281649982716439e-12,7.60374773197236e-14,E,0,0
45040,--,346.2574585288,17.410069967467233,0,--,--,--,--,--,--,--,--,1002042803,2011-10-07T13:13:23,2011.7658930744228,1.6082069141874675,2,2.830552536632619e+18,-610.3938054563775,394.5482166406872,-172.08393508235469,-1.6382866127750473,0.6432043313980103,-2.547070264816284,-0.2593586428394914,0.8053942585739658,346.25778934811143,17.410386067194622,-610.3938054563775,-172.08393508235469,394.5482166406872,1.4098777696186546,0.2307018565857913,19.707046342973516,0.1645396277091713,5.510383879914868,0.4567042895753902,18.227045362615794,0.08645150014551106,3.6137012501303016,0.049539746438857356,18.68511938509824,0.014783112306474777,1002042795.0,1002044475.0,1680.0,--,--,--,--,--,--,--,--,--,--,--,--,--,--,--,--,--,--,--,--,--,1472.4640053491385,3670.691994710422,4253.168600875865,5321.045016902054,7824.4117041979225,12070.943859998024,2167.500787856302,33.26151721035869,4.4650516229839817e-13,1.8513926923070503e-14,--,--,--,--,--,E,0,0
36175,1825636175.0,158.88794116402136,5.865785488388504,1,CataclyV*,SDSS J103533.02+055158.4,195.2362358453729,10.342087981525964,-11.56761100187569,5.122,0.2865000069141388,1.9526754959483297,949605277,2010-02-07T14:14:37,2010.1029958775684,2.595360468875903,1,3.8590200409178307e+18,195.23768739417685,10.342412931240744,-11.56800733630152,5.121961919068633,0.2865051329135895,17.877382278442383,-11.022396436561369,41.69926343677242,158.8875453230421,5.866389385483682,195.23768739417685,-11.56800733630152,10.342412931240744,1.2223780721856061,0.21354945708242126,19.86198612338981,0.17481742783306586,3.5750379313163325,0.36483709085100363,18.696798364885233,0.10550447906595295,2.7513983660098256,0.04618135680709918,18.981116312434917,0.01807249117416987,949605269.0,949606709.0,1440.0,--,--,--,--,--,--,--,--,--,--,--,--,--,--,--,--,--,--,--,--,--,1290.0902658921011,2290.2628920068328,2709.698647049808,3549.552249580709,5217.026534759034,8299.384968061042,1573.2871169978998,28.337818652247705,3.2409714610156737e-13,1.546582323659662e-14,--,--,--,--,--,E,0,0
20382,1700220382.0,137.05077010836217,6.071896895359407,1,WhiteDwarf,SDSS J090812.04+060421.2,269.3892944694378,6.508116657137293,-6.838538131468965,3.7121,0.09189999848604202,3.225390457453507,856174624,2007-02-22T05:17:04,2007.1430690320583,3.140566458021834,1,5.807900149138126e+17,269.38723462462946,6.509210265503555,-6.839748271308451,3.712128384232548,0.0919172465801239,40.38554763793945,-2.3647511732285382,-9.485280228263196,137.05015861266642,6.072522437758538,269.38723462462946,-6.839748271308451,6.509210265503555,1.0958356332118215,0.20294114364669624,19.980636454369854,0.1844727406183928,16.92293231092297,0.7985134587884565,17.00881095665333,0.050058831822461514,6.291802536050765,0.06597321030133008,18.083062289680534,0.011325302842806195,856174611.0,856176321.0,1710.0,0.03460160122331218,0.034163578325004,22.47225950833899,0.74568096155474,5.983315049622623,0.4827999686764751,16.87764532228217,0.08425388605806461,1.8881530456073727,0.03420869393005,18.12990701639661,0.019494801864780698,856174611.0,856176321.0,1710.0,0.1831690004878973,0.18354707320544827,2.7077244337551125,0.24925134833019308,2.5125438867032726,0.2410724081066268,1445.5724035494998,2827.1266014419148,2924.3984395571247,3046.5015270511317,3274.8376161497167,3734.7983233636974,5995.890353494748,55.32090353500755,1.235153412819918e-12,2.710561330674707e-14,1613.4823043812883,234.77161097380264,10.946750344335607,3.286802553633237e-13,6.359247268324872e-14,E,0,0
46117,--,77.16137065877133,-24.198985630395363,1,PulsV*,ATO J077.1605-24.1988,974.4689144416293,20.54351114508904,-21.44782663206638,1.0262,0.022099999710917473,2.7185412115860537,1008412923,2011-12-20T05:42:03,2011.967774099284,1.5563858898443312,3,2.959876029140157e+18,1062.406090432394,90.88727136300656,-109.6476623967535,0.941259664271131,0.08805647492408752,10.6892728805542,5.342948588858887,-3.7645820117012394,77.16093644678399,-24.19915897419729,1062.406090432394,-109.6476623967535,90.88727136300656,9.459620795663662,0.6038189259132969,17.640315681630717,0.06718180558976883,23.12631346667344,0.9416202288373628,16.669733979971866,0.04333099594215284,17.806867859994785,0.11725836245941225,16.953531160177697,0.0071261441073637855,1008412898.0,1008414398.0,1500.0,--,--,--,--,--,--,--,--,--,--,--,--,--,--,--,--,--,--,--,--,--,1295.0898097421589,11895.828862173581,16490.980454643774,23061.49310890441,26118.958222973946,30463.493225848255,2217.523074383762,33.64313802075215,4.568097533230549e-13,2.696314290160839e-14,--,--,--,--,--,E,0,0
16499,959516499.0,217.9055463851656,32.7393217164434,3,"**, Star",TYC 2556-340-1,--,--,--,--,--,3.196630388710324,833200747,2006-06-01T08:39:07,2006.4146863265792,3.0674238045366513,0,--,--,--,--,--,--,--,--,--,--,--,--,--,--,55.24308958395587,1.4208571957197527,15.724305101494306,0.02757215371756061,69.39653016917687,1.591832006573775,15.476655609383474,0.024623500296439005,61.94066091622769,0.2365806379086333,15.600060412416623,0.004139039894972996,833200738.0,833201968.0,1230.0,--,--,--,--,--,--,--,--,--,--,--,--,--,--,--,--,--,--,--,--,--,1106.668218762548,64154.538833847095,66184.89168285055,68547.76088513667,72008.19271059523,75873.70696869996,1973.0229025742872,31.73426812121179,4.0644271793030313e-13,4.0744032378630564e-14,--,--,--,--,--,E,0,0
